name,email,city,phone,website
"Aztec Day Spa & Skin Clinic","info@aztecdayspa.com.au","Tuggerah","+61243533123","https://aztecdayspa.com.au/"
"Miss Soho Beauty","hello@misssohobeauty.com","Wollongong","+61242447991","http://www.misssohobeauty.com/"
"Medikah skin and beauty","support@medikahbeauty.com.au","Howard Springs","+61439558532","http://medikahbeauty.com.au/"
"Complete Skincare Clinic","info@completeskincareclinic.com.au","Keilor East","+61401376204","http://www.completeskincareclinic.com.au/"
"The Aesthetic Doctor","reception@theaestheticdoctor.com.au","Belmont","+61240542012","https://theaestheticdoctor.com.au/"
"Clinic. Skin. | Skin Cancer Clinic","info@clinicskin.com.au","Nambour","+61753914000","http://www.clinicskin.com.au/"
"Skinnotion Laser Vein Cosmetic Surgery","info@skinnotion.com.au","Surry Hills","+61289993318","https://www.skinnotion.com.au/"
"Launceston Skin Clinic","office@healthnexus.au","Launceston","+61363515610","https://launcestonskin.clinic/"
"EF MEDISPA","promotions@efmedispa.com","London","","https://efmedispa.com/how-to-find-us/kensington"
"Chic Skin And Laser Clinics","info@chicaustralia.com.au","Penrith","+61247322277","https://chicskinandlaserclinics.com.au/?utm_source=local"
"Botanical Beauty Bar","botanicalbeautybar@gmail.com","Daw Park","","https://www.botanicalbeautybar.com.au/"
"The Beauty and Cosmetic Clinic","info@thebeautyclinic.com.au","Sydney","+61292333399","https://thebeautyclinic.com.au/"
"All About Face & Hollywood Injectables","aussiemediclocums@bigpond.com","Surfers Paradise","+61755704926","https://allaboutface.com.au/"
"Hush Clinical - HIFU - Appointment only","hushcosmetics@gmail.com","South Yarra","+61490084370","https://www.hushclinical.com.au/"
"Results Laser Clinic Bondi","info@resultslaserclinic.com.au","Bondi Junction","+61278098852","https://resultslaserclinic.com.au/sydney/laser-hair-removal-bondi/"
"Skin Renu","info@skinrenu.com.au","Balmain","+61295559506","https://skinrenu.com.au/?utm_source=google"
"Avidius rejuvenation therapies","info@indiantypefoundry.com","Bendigo","+61422463519","http://www.avidiusrejuvenationtherapies.com/"
"Zenyu Skin & Beauty","relax@zenyu.com.au","Mornington","+61359750099","http://www.zenyu.com.au/"
"Miami Kiss","miamikissinternational@gmail.com","Varsity Lakes","+61755625477","https://miamikiss.com/#utm_source=google"
"Ella Baché Beauty Salon Charlestown","lauren@ellabache.com.au","Charlestown","+61249436677","http://www.ellabache.com.au/pages/charlestown"
"Cara Derma Skin & Laser Clinic","admin@caraderma.com.au","Pimpama","+61756099330","http://www.caraderma.com.au/"
"Melbourne Clinical Laser South Yarra","mclaser68@gmail.com","South Yarra","+61481789918","http://www.melbourneclinicallaser.com.au/south-yarra/"
"Bella Donna Injectables & Skin","belladonnainjectables@outlook.com","Burleigh Heads","+61435525810","https://bella-donna.com.au/"
"Face and Body Clinic","info@faceandbodyclinic.com.au","Manly","+61434490340","https://www.faceandbodyclinic.com.au/"
"MD Cosmetic and Skin Clinic Sunshine Coast","info@mdcosmeticandskinclinic.com.au","Maroochydore","+61400400982","https://mdcosmeticandskin.com.au/"
"Nova Cosmetic Clinic | Sydney CBD","contact@novacosmetics.com.au","Sydney","+61283555517","http://novacosmetic.clinic/"
"Five Star Day Spa","info@fivestardayspa.com.au","Erina","+61243650515","https://www.fivestardayspa.com.au/"
"Chantal Louise Skin Therapy","info@chantallouiseskin.com.au","Nundah","+61732605908","http://www.chantallouiseskin.com.au/"
"The Skin Lab","orders@theskinlab.com.au","Spring Hill","+61738324370","https://theskinlab.com.au/?utm_source=google"
"TOOWOOMBA SKIN CANCER CLINIC","info@cosmeticelegance.com.au","East Toowoomba","+61746382700","http://toowoombaskincancerclinic.com.au/"
"Sanctum Medical Aesthetics Launceston","last@sanctummedical.com.au","Launceston","+61362238998","http://www.sanctummedical.com.au/"
"DermHealth.co","info@dermhealth.co","","+61423470816","http://www.dermhealth.co/"
"My Cosmetic Clinic","reception@mycosmeticclinic.net","Newcastle","","https://www.mycosmeticclinic.net/locations/newcastle/"
"Cosmetique® Richmond","reception@cosmetique.au","Richmond","","https://www.cosmetique.au/"
"Skin Clinic Blyss","jodie@skinclinicblyss.com.au","Randwick","+61296648011","https://skinclinicblyss.com.au/?utm_source=google"
"Complete Skin & Beauty Salon Brisbane CBD","albanycreek@completeskinandbeauty.com.au","Brisbane City","+61732211759","https://www.completeskinandbeauty.com.au/"
"SkinFit New Farm -HIFU & Facials","newfarm@outlook.com.au","New Farm","+61424227249","https://www.skinfitnewfarm.com.au/"
"Shellharbour Skin - Skin Cancer & Aesthetic Medicine","info@shellharbourskin.com.au","Shellharbour City Centre","+61242492860","http://www.shellharbourskin.com.au/"
"Lotus Dermatology","info@lotusdermatology.com.au","Newcastle","+61249293400","http://www.lotusdermatology.com.au/"
"Skin Nation","info@skinnation.com.au","Soldiers Hill","+61353333377","http://www.skinnation.com.au/"
"North Shore Dermatology","admin@northshoredermatology.com.au","Manly","+61299760055","http://www.northshoredermatology.com.au/"
"Pitt St Cosmetic Clinic","info@pittstcosmetic.com.au","Sydney","+61280841216","http://pittstcosmetic.com.au/"
"Klinika","hello@klinika.com.au","Erina","+61243123099","https://klinika.com.au/"
"Bespoke Cosmetics Clinic","bespokecosmeticsclinic@gmail.com","Erina","+61422714388","https://www.bespokecosmeticsclinic.com.au/"
"Vidler Ave Skin Cancer Centre","admin@theskincancercentre.com.au","Woy Woy","+61243419911","http://theskincancercentre.com.au/?utm_source=google"
"Missie CoCo","info@missiecoco.com.au","Prahran","+61395103307","https://missiecoco.com.au/"
"Artevo Aesthetics","info@artevoaesthetics.com.au","Long Jetty","+61405380595","https://www.artevoaesthetics.com.au/"
"Darling Downs Skin Cancer Centre","alnour@skincancercentres.com.au","Toowoomba City","+61746389299","https://www.skincancercentres.com.au/centre/qld/darling-downs-skin-cancer-centre"
"Newcastle Skin Check (Belmont)","info@newcastleskincheck.com.au","Belmont","+61240328700","http://newcastleskincheck.com.au/?utm_source=google"
"Beauty Affairs MediSpa CBD","admin@beautyaffairs.com.au","Sydney","+61292863898","https://www.beautyaffairs.com.au/pages/medispa"
"Infinity Skin Clinic Surry Hills","surryhills@infinityskin.com.au","Surry Hills","+61280568157","https://infinityskin.com.au/"
"KAILO","reception@kailomedispa.com","Fortitude Valley","+61732523225","https://www.kailomedispa.com/"
"The Face Bar","info@thefacebar.com.au","Darlinghurst","+61293582332","https://thefacebar.com.au/"
"Beauty Bliss Skin Boutique","info@beautybliss.net.au","Carlton North","+61393888890","https://beautybliss.net.au/"
"The Greville Clinic South Yarra","hello@thegrevilleclinic.com.au","South Yarra","+61398242634","https://thegrevilleclinic.com.au/"
"Catalena Beauty and Day Spa","catalenabeauty@yahoo.com.au","Cairns City","+61740413284","https://www.catalenabeauty.com.au/"
"Temple Skincare & Spa","salon@templeskincare.com.au","Castle Hill","+61296342411","http://www.templeskincare.com.au/"
"Aztec Day Spa & Skin Clinic","info@aztecdayspa.com.au","Tuggerah","+61243533123","https://aztecdayspa.com.au/"
"Australian Skin Clinics Broadmeadows","info@australianskinclinics.com.au","Broadmeadows","+61390879438","https://australianskinclinics.com.au/clinics/vic/broadmeadows/?utm_source=gmb"
"Skin Spa","info@skinspa.com.au","Ashgrove","+61733661800","https://www.skinspa.com.au/"
"Laserclear Cosmetic Clinic","info@laserclear.com.au","East Gosford","+61243243375","http://www.laserclear.com.au/"
"Australian Skin Clinics Castle Hill","info@australianskinclinics.com.au","Castle Hill","+61296591772","https://australianskinclinics.com.au/clinics/nsw/castle-hill/"
"Australian Skin Clinics Kawana","info@australianskinclinics.com.au","Buddina","+61754067868","https://australianskinclinics.com.au/clinics/qld/kawana/"
"Australian Skin Clinics Plenty Valley Melbourne","info@australianskinclinics.com.au","Mill Park","+61384005022","https://australianskinclinics.com.au/clinics/vic/plenty-valley/"
"The Skin Boutique - Mount Eliza","elwood@theskinboutique.com.au","Mount Eliza","+61387635111","http://www.theskinboutique.com.au/"
"The Skin Boutique - Mount Eliza","elwood@theskinboutique.com.au","Mount Eliza","+61387635111","http://www.theskinboutique.com.au/"
"The Skin Boutique - Mount Eliza","elwood@theskinboutique.com.au","Mount Eliza","+61387635111","http://www.theskinboutique.com.au/"
"The Skin Boutique Sandringham","elwood@theskinboutique.com.au","Sandringham","+61394535110","http://theskinboutique.com.au/"
"Jade Cosmetic Clinic - Edge Hill","christine@jadecosmeticclinic.com.au","Edge Hill","+61740410067","https://jadecosmeticclinic.com.au/"
"Sana Skin Clinic","info@sana-skinclinic.com.au","Berwick","","https://www.sana-skinclinic.com.au/"
"Laser Clinics Australia - Helensvale","info@laserclinics.com.au","Helensvale","+61756132032","https://www.laserclinics.com.au/skin-care-clinic/westfield-helensvale/?utm_source=google"
"Laser Clinics Australia - Darwin Casuarina","info@laserclinics.com.au","Casuarina","+61889671601","https://www.laserclinics.com.au/skin-care-clinic/darwin-casuarina/?utm_source=google"
"Laser Skin & Vein Clinic","admin@laserskinandvein.com.au","North Adelaide","+61882672800","https://laserskinandvein.com.au/"
"Jolie Clinic - Premium Aesthetic & Skin Care Clinic Adelaide","info@jolie.clinic","Henley Beach","+61493177872","https://www.jolie.clinic/"
"Golden Plains Skin Cancer Clinic","reception@goldenplainsmc.com.au","Bannockburn","+61352812320","https://www.goldenplainsskin.com.au/"
"Dr Kurosh Parsi","referral@sydneyskinandvein.com.au","Chatswood","+61293860211","https://www.sydneyskinandvein.com.au/KuroshParsi"
"Sinclair Dermatology","clinicaltrials@sinclairdermatology.com.au","East Melbourne","+61396542426","https://www.sinclairdermatology.com.au/"
"MintSkin（CBD）","mintskinmelbourne@gmail.com","Melbourne","+61420535486","http://www.mintskinclinic.com.au/"
"Med Spa Elysium","reception@medspaelysium.com.au","Golden Point","+61343444452","http://medspaelysium.com.au/"
"Limestone Laser Clinic","hello@limestonelaserclinic.com.au","Mount Gambier","+61887280464","https://www.limestonelaserclinic.com.au/"
"Peche Medispa","hello@pechemedispa.com.au","Teneriffe","","https://peche.com.au/"
"Skin Integrity Skin Cancer & Cosmetic Clinic","alnour@skincancercentres.com.au","Terrigal","+61243846191","http://www.skincancercentres.com.au/terrigal"
"Advanced Face and Body","info@advancedfaceandbody.com.au","Bondi Junction","+61293869273","https://advancedfaceandbody.online/"
"New Age Skin Care","jo@newageskincare.com.au","Wagga Wagga","+61259255489","http://www.newageskincare.com.au/"
"Saltair Day Spa Port Melbourne","info@saltairspa.com.au","Port Melbourne","+61393317774","https://www.saltairspa.com.au/"
"Saint Alicia Day Spa","info@saintaliciadayspa.com.au","West End","+61431347910","http://www.saintaliciadayspa.com.au/"
"Pep Me Up Skin Clinic","hello@pepmeup.com.au","Geelong","+61352600489","https://www.pepmeup.com.au/"
"LA Lips® Cosmetic Clinic - Woolloongabba","fvalley@lalips.com.au","Kangaroo Point","+61452345158","https://lalips.com.au/?utm_source=gbp"
"Skin Clique Laser Clinic","info@skinclique.com.au","West End","+61738442259","https://skinclique.com.au/"
"Botanica Wellness Spa and Clinic","enquiries@botanicadayspa.com.au","Melbourne","+61396205992","https://www.botanicadayspa.com.au/"
"Beauty Avenue by TAV","beautybytav25@gmail.com","Teneriffe","+61415566111","https://www.beautybytav.com.au/"
"Cinergee Day Spa & Wellness Retreat","indulge@cinergee.com.au","Launceston","+61363346885","http://www.cinergee.com.au/"
"99Medispa","99medispa.sydney@gmail.com","Sydney","+61452008115","https://www.99medispa.com.au/?utm_source=google_business"
"Bei Beauty Salon","beibeauty@gmail.com","Biggera Waters","+61755288825","https://www.beibeauty.com.au/"
"Complete Skin Cancer Clinics","info@completeclinics.com.au","Mornington","","https://www.completeclinics.com.au/"
"Massage Beautique","massagebeautique@gmail.com","Bondi Junction","+61452553415","http://www.massagebeautique.com.au/"
"PhiBeauty Cosmetic & Laser Clinic","hi@phibeauty.com.au","South Yarra","+61452235811","https://phibeauty.com.au/"
"Beautyologist","info@beautyologist.com.au","Balaclava","+61395315092","http://www.beautyologist.com.au/"
"V BEAUTY SKIN CLINICS","love@vbeauty.com.au","Sydney","+61289644998","https://www.vbeauty.com.au/"
"ENESIMA Skin & Cosmetics Clinic","malvern@enesima.com.au","Malvern","","https://enesima.com.au/"
"Cosmetic SA","info@cosmeticsa.au","Modbury","+61881512355","https://cosmeticsa.au/"
"Sharkra Medi Spa & Laser Clinic","info@sharkra.com.au","Hobart","+61362243838","http://www.sharkra.com.au/"
"The Medispa","info@themedispaonmelville.com.au","Brunswick West","+61394983391","http://www.themedispaonmelville.com.au/"
"Eve On 21","reception@eveon21.com.au","Ashford","+61884903997","http://eveon21.com.au/"
"Advanced Body Image and Spa Lotus","reception@abint.com.au","Berrimah","+61889856088","http://www.advancedbodyimage.com.au/"
"Heart Aesthetics Hobart","info@heartaestheticshobart.com.au","New Town","+61404606669","https://heartaestheticshobart.com.au/"
"Divine Medical & Cosmetic Skin Centre Bundaberg","admin@divinemedical.com.au","Walkervale","+61741517722","https://divinemedical.com.au/our-locations/bundaberg/?utm_source=google"
"AN EXPERIENCE BEAUTY CLINIC Facials Melbourne Environ Skincare Microdermabrasion","info@anexperiencebeautyclinic.com","Melbourne","+61401139754","http://anexperiencebeautyclinic.com/"
"LaBeauty Medispa","bliss@labeautymedispa.com.au","Robina","+61756396370","https://labeautymedispa.com.au/"
"Results Laser Clinic Geelong","info@resultslaserclinic.com.au","Geelong","+61399667806","https://resultslaserclinic.com.au/melbourne/laser-hair-removal-geelong/"
"MADE salon + aesthetics","info@madesa.com.au","Wollongong","+61242269336","https://www.made-sa.com.au/home"
"The Skin Lab","orders@theskinlab.com.au","Spring Hill","+61738324370","https://theskinlab.com.au/?utm_source=google"
"Ageless Cosmetic Bar","terry@agelesscosmeticbar.com","Earlville","+61438405215","https://www.agelesscosmeticbar.com/"
"Maitri Aesthetics","admin@maitriaesthetics.com.au","Mackay","+61427225542","http://maitri.com.au/"
"Central Coast Body Shaping","carol@canavan.com.au","Buff Point","+61243903467","http://centralcoastbodyshaping.com.au/"
"La Viso Clinics","reception@injectableeffects.com.au","Carrara","+61466051651","http://lavisoclinics.com.au/"
"Gold Coast Skin Cancer Clinic and Surgicentre","reception.southport@gcscs.com.au","Southport","+61755577833","http://www.gcscs.com.au/"
"KR Skin Clinic - Beauty Therapy & IPL","contact@krskinclinic.com.au","Varsity Lakes","+61433625364","https://www.krskinclinic.com.au/"
"The Fit Injector Clinic","info@thefitinjector.com","Bondi Junction","+61403006700","https://thefitinjector.com.au/"
"Envisage Cosmetic Clinic","reception@envisageclinic.com.au","Benowa","+61755394000","https://envisageclinic.com.au/"
"First Skin and Body","info@firstskinandbody.com.au","North Adelaide","+61884107877","http://www.firstskinandbody.com.au/"
"Oi Cosmetic Studio | Helensvale QLD","info@oicosmeticstudio.com.au","Helensvale","+61755730023","https://www.oicosmeticstudio.com.au/"
"Body Catalyst North Sydney","info@bodycatalyst.com.au","North Sydney","","https://www.bodycatalyst.com.au/"
"AF Aesthetics | Chatswood Laser Clinic","info@afaesthetics.com.au","Chatswood","+61280043323","https://www.afaesthetics.com.au/"
"Stillwater Beauty","enquiries@stillwaterbeauty.com.au","Green Point","+61243653290","http://stillwaterbeauty.com.au/"
"LA Lips® Cosmetic Clinic - Paddington","fvalley@lalips.com.au","Paddington","+61452345363","https://lalips.com.au/?utm_source=gbp"
"Fabiola Beauty","salon@fabiolabeauty.com.au","Wollongong","+61242283229","http://www.fabiolabeauty.com.au/"
"Skin Brilliance","info@skinbrilliance.com.au","Brighton","+61395924345","https://skinbrilliance.com.au/"
"Melbourne Clinical Laser South Yarra","mclaser68@gmail.com","South Yarra","+61481789918","http://www.melbourneclinicallaser.com.au/south-yarra/"
"Vogue Beauty Clinic","info@voguebeautyoncharles.com.au","Launceston","+61363311380","https://voguebeautyoncharles.com.au/"
"endota spa Terrigal","info@endota.com.au","Terrigal","+61243849143","https://endotaspa.com.au/find-a-spa/terrigal?utm_content=endota+spa+Terrigal"
"ENRICH Dermatology & Cosmetic Clinic","dr.phillips@enrichclinic.com.au","South Yarra","+61395009500","http://www.enrichclinic.com.au/"
"Jasmine Beauty Therapy","salon@jasminebeautytherapy.com.au","Ballarat Central","+61353315055","https://www.jasminebeautytherapy.com.au/?utm_source=google"
"Cosmetique® Geelong – Cosmetic & Laser Clinic","reception@cosmetique.au","Geelong","","https://www.cosmetique.au/"
"Miss Morpho","missmorpho111@gmail.com","Richmond","+61451300111","http://missmorpho.com/"
"Quay Day Spa","reception@quaydayspa.com.au","Bellerive","+61361220155","http://www.quaydayspa.com.au/"
"Skin Clique Laser Clinic","info@skinclique.com.au","West End","+61738442259","https://skinclique.com.au/"
"Cave X","contact.us@cavex.com.au","Woonona","+61242073115","https://www.cavex.com.au/"
"Victoria’s Cosmetic Medical Clinic","info@victorias.com.au","Newstead","+61363310377","https://www.victorias.com.au/"
"The Skin Project By Doctors Cosmetic Clinics","info@skinprojectclinics.com.au","North Sydney","+61299290455","https://skinprojectclinics.com.au/"
"Beauty Unleashed","info@beautyunleashed.com.au","Kahibah","+61249577228","https://beautyunleashed.com.au/"
"Ally Aesthetics","bookings@allyaesthetics.com.au","Toukley","+61414905251","https://www.allyaesthetics.com.au/"
"Skin Society","hello@skinsociety.com.au","Kingston","+61262325077","http://skinsociety.com.au/"
"Number 1 Skin Clinic","hello@number1skinclinic.com","East Melbourne","+61391329655","https://number1skinclinic.com/"
"Clarity Cosmetic Laser Skin Clinic","info@clarityclinic.com.au","Bundall","+61481868699","http://www.clarityclinic.com.au/"
"Cosmetic Injectables Australia - Gold Coast Clinic","management@cosmeticinjectablesaustralia.com.au","Southport","+61422710926","https://cosmeticinjectablesaustralia.com.au/locations/gold-coast/"
"SSKIN","hello@sskinaus.com","Bundall","+61756609691","http://sskinaus.com/"
"Light Years Skin Studio - Broadbeach","hello@lightyearsskinstudio.com.au","Broadbeach","+61438192153","https://www.lightyearsskinstudio.com/?utm_content=Light%20Years%20Skin%20Studio%20-%20Broadbeach%20-%20Broadbeach"
"Gold Coast Cosmetics","hi@mystore.com","Paradise Point","+61478927776","https://www.goldcoastcosmetics.com.au/"
"SM Aesthetic Lab","hello@aeslab.com.au","Crows Nest","+61294370777","http://smaestheticlab.com.au/"
"Mybodi Clinics - Randwick","info@mybodiclinics.com.au","Randwick","+61289993884","https://www.mybodiclinics.com.au/"
"Lumière Cosmetic Clinic","info@lumierebeautyclinic.com.au","Haymarket","+61289642550","https://www.lumierebeautyclinic.com.au/"
"Dr Philip Tong","reception@drphiltong.com.au","Bondi Junction","+61285409130","https://www.drphiltong.com.au/"
"Q-Tox Bondi Junction","hello@q-tox.com.au","Bondi Junction","+61493040489","http://q-tox.com/"
"Artisan Aesthetic Clinics Robina","careers@artisanclinics.com","Robina","+61756464185","https://artisanclinics.com/location/artisan-gold-coast-robina/"
"Aleisha- Jane Beauty","support@kitomba.com","Surry Hills","+61293313236","https://apps.kitomba.com/bookings/aleishajaneenterprise"
"Victory Wellness Centre","info@victorywellnesscentre.com.au","Chatswood","+61294103185","https://www.victorywellnesscentre.com.au/"
"InSPArations Day Spa Launceston","info@insparations.com.au","Launceston","+61363317888","http://www.insparations.com.au/"
"Beauty Unleashed","info@beautyunleashed.com.au","Kahibah","+61249577228","https://beautyunleashed.com.au/"
"Molescreen PDT Skin Cancer Clinic Brisbane","molescreenpdt@gmail.com","Paddington","+61738623144","https://molescreenpdt.com.au/"
"Evolution Laser Clinic Wollongong","info@evolutionlaser.com.au","Wollongong","+61242437802","https://www.evolutionlaser.com.au/locations/wollongong/?utm_source=google"
"Skin to Soul Clinic Melbourne","info@skintosoulclinic.com.au","","+61756168481","https://skintosoulclinic.com.au/"
"The Brow Lab","info@thebrowlab.com.au","Prahran","","http://www.thebrowlab.com.au/"
"Shine Skin and Body","recep@shineskinandbody.com.au","Richmond","+61431430490","https://shineskinandbody.com.au/"
"Bella Donna Injectables & Skin","belladonnainjectables@outlook.com","Burleigh Heads","+61435525810","https://bella-donna.com.au/"
"Indulgences Beauty Therapy | Beauty Salon | Newcastle NSW","frontdesk@indulgences.com.au","The Junction","+61249625022","https://indulgences.com.au/"
"Skin and Light Medi-Clinic","rhondasbeauty@optusnet.com.au","Cairns North","+61740415105","https://skinandlight.com.au/"
"iSkin Clinics Australia","reception.melbourne@iskinclinics.com.au","Melbourne","+61385978285","http://www.iskinclinics.com.au/"
"Divine Brow Lash & Skincare","info@divinebrowlash.com.au","Surry Hills","+61450552011","https://divinebrowlash.com.au/"
"Innaskin Face Body Inject","admin@innaskin.com.au","Redfern","+61280907825","https://www.innaskin.com.au/"
"Brilliant Skin Australia","info@brilliantskinaustralia.com.au","Chatswood","+61290982333","http://brilliantskinaustralia.com.au/"
"Esteem Clinic Main Beach | Cosmetic Aesthetics and Skin Care","book@esteemclinic.com.au","Main Beach","+61755391000","https://esteemclinic.com.au/"
"The Skin Cancer Doctor","admin@theskincancerdoctor.com.au","Brisbane City","","http://www.theskincancerdoctor.com.au/"
"Hummingbird cosmetics & Skin Clinic","hi@mystore.com","Miami","+61432322273","https://www.hummingbirdcosmetics.com.au/"
"Skin & Beauty Clinic Sydney","tee@skinandbeautyclinics.com.au","Mount Lewis","+61467950416","http://skinandbeautyclinics.com.au/"
"Enhance Skin Care","enhanceskincare@iinet.net.au","Canberra","+61262472100","https://www.enhanceskincare.com.au/"
"Atelier Christian Alexander","contact@christian-alexander.com.au","Fortitude Valley","+61458924984","http://www.christian-alexander.com.au/"
"Bellafache","tash@bellafache.com.au","","+61478536126","https://bellafache.com.au/"
"Skin Wellness Academy","bookings@skinwellnessacademy.com","Canberra","+61481300574","http://www.skinwellnessacademy.com/"
"Dr J. Aesthetics - Medical TMJ, Wellness & Skin Clinic","micah@micahrich.com","Kingston","+61251122829","http://www.drjaesthetics.com.au/"
"The R Clinic","info@rclinic.com.au","Belconnen","+61251193898","https://www.rclinic.com.au/"
"Skinthetix Clinic - Medical Laser & Skin","ashleigh@skinthetix.com.au","Richmond","+61452516251","http://skinthetix.com.au/"
"ABOUT FACE clinic","admin@aboutfaceclinic.com.au","Somerton Park","+61883764596","http://www.aboutfaceclinic.com.au/"
"Dr Rod Gillespie | Chatswood Dermatologist","info@chatswooddermatologist.com.au","Chatswood","+61294116929","https://chatswooddermatologist.com.au/"
"Hands In Harmony Massage & Day Spa","info@handsinharmony.com.au","Townsville City","+61747720031","http://www.handsinharmony.au/"
"Remedy Plus Medical Clinics","info@remedyplus.com.au","Chatswood","+61294113352","http://www.remedyplus.com.au/"
"Body Dezign House Newstead","info@bodydezignhouse.com","Newstead","+61732500101","https://bodydezignhouse.com/"
"Laser Clinics Australia - Belconnen Westfield","info@laserclinics.com.au","Belconnen","+61261403212","https://www.laserclinics.com.au/skin-care-clinic/westfield-belconnen?utm_source=google"
"Beauty By Doctor","info@beautybydoctor.com","Bondi Junction","+61293889191","https://www.beautybydoctor.com/"
"Dr. Glenda Wood","info@easternsuburbsderm.com.au","Bondi Junction","+61293897333","http://www.drglendawood.com.au/"
"Bodyvision Clinic","info@bodyvisionclinic.com.au","Prahran","+61395294559","https://bodyvisionclinic.com.au/"
"Jun Lin Spa","junlinhelp@gmail.com","Hobart","+61362348937","https://junlinspa.com.au/massage-hobart/"
"NiZ Cosmetic & Laser Clinic","hello@nizclinics.com","Mermaid Beach","+61756328388","https://nizclinics.com/"
"Henry & Lexi Skincare","love@henryandlexi.com.au","","","http://www.henryandlexi.com.au/"
"Victorian Laser & Skin Clinic - Laser Hair Removal Melbourne","info@viclaser.com.au","Melbourne","","https://www.viclaser.com.au/"
"Southport Skin Cancer Centre","info@southportdoctors.com.au","Southport","+61755313205","https://southportdoctors.com.au/our-services/skin-cancer-management/"
"Indulgences Beauty Therapy | Beauty Salon | Newcastle NSW","frontdesk@indulgences.com.au","The Junction","+61249625022","https://indulgences.com.au/"
"Botanica Wellness Spa and Clinic","enquiries@botanicadayspa.com.au","Melbourne","+61396205992","https://www.botanicadayspa.com.au/"
"Australian Skin Clinics Karingal","info@australianskinclinics.com.au","Frankston","+61390990022","https://australianskinclinics.com.au/clinics/vic/karingal/"
"eforea spa","surfersparadise.reservations@hilton.com","Surfers Paradise","+61756808111","https://hiltonsurfersparadise.com.au/eforea-spa-hilton/"