"Brand","SKU","Product Name","Stock Level","BC ID","In UHP Feed?"
"Ethique","UN - ETQ07","Ethique Solid Shampoo & Shaving Bar Tip to Toe 110g","0","23796","NO"
"Ethique","UN - ETQ13","Ethique Solid Conditioner Bar Tone It Down Purple 60g","0","23799","NO"
"Ethique","UN - ETQ62","Ethique Solid Cr√®me Bodywash Bar Sweet Orange & Vanilla 110g","0","28107","NO"
"Ethique","UN - ETQ61","Ethique Solid Body Polish Bar Lime & Ginger 110g","0","28108","NO"
"Ethique","UN - ETQ111","Ethique Dogs Solid Shampoo Bow Wow Bar 110g","0","28117","NO"
"Ethique","UN - ETQ112","Ethique Dogs Solid Shampoo Shampooch Sensitive 110g","0","28118","NO"
"Ethique","UN - ETQ113","Ethique Dogs Solid Conditioner Pawfector 60g","0","28119","NO"
"Ethique","UN - ETQ133","Ethique Bamboo & Cornstarch Shower Container Aqua 1","0","28120","NO"
"Ethique","UN - ETQ131","Ethique Bamboo & Cornstarch Shower Container Green 1","0","28121","NO"
"Ethique","UN - ETQ10","Ethique Solid Conditioner Bar Wonderbar Oily or Normal Hair 60g","0","32845","NO"
"Ethique","UN - ETQ200","Ethique Gentle Shampoo Concentrate for TOuchy Scalps Unscented 50g","0","32847","NO"
"Ethique","UN - ETQ201","Ethique Hydrating Shampoo Concentrate for Normal to Dry Hair Bloom 50g","0","32848","NO"
"Ethique","UN - ETQ202","Ethique Balancing Shampoo Concentrate for Oily to Normal Hair Sorbet 50g","0","32849","NO"
"Ethique","UN - ETQ210","Ethique Gentle Conditioner Concentrate for TOuchy Scalps Unscented 25g","0","32850","NO"
"Ethique","UN - ETQ211","Ethique Hydrating Conditioner Concentrate for Normal to Dry Hair Bloom 25g","0","32851","NO"
"Ethique","UN - ETQ212","Ethique Balancing Conditioner Concentrate for Oily to Normal Hair Sorbet 25g","0","32852","NO"
"Ethique","UN - ETQ220","Ethique Gentle Bodywash Concentrate Unscented 50g","0","32853","NO"
"Ethique","UN - ETQ221","Ethique Hydrating Bodywash Concentrate Flourish 50g","0","32854","NO"
"Ethique","UN - ETQ230","Ethique Gentle Body Lotion Concentrate Unscented 50g","0","32856","NO"
"Ethique","UN - ETQ231","Ethique Hydrating Body Lotion Concentrate Flourish 50g","0","32857","NO"
"Ethique","UN - ETQ232","Ethique Hydrating Body Lotion Concentrate Zest 50g","0","32858","NO"
"Ethique","UN - ETQ240","Ethique Hydrating Handwash Concentrate Flourish 50g","0","32859","NO"
"Ethique","UN - ETQ241","Ethique Invigorating Handwash Concentrate Sorbet 50g","0","32860","NO"
"Ethique","UN - ETQ242","Ethique Refreshing Handwash Concentrate Zest 50g","0","32861","NO"
"Ethique","UN - ETQ250","Ethique Multi purpose Bathroom Spray Concentrate Eucalyptus 25g","0","32862","NO"
"Ethique","UN - ETQ251","Ethique Multi purpose Kitchen Spray Concentrate Sweet Orange 25g","0","32863","NO"
"Ethique","UN - ETQ37","Ethique Solid Face Cleanser Bar Deep Green 100g","0","32865","NO"
"Ethique","UN - ETQ16","Ethique Solid Shampoo Bar Bar Minimum Unscented 110g","0","53515","NO"
"Ethique","UN - ETQ17","Ethique Solid Conditioner Bar In The Buff Unscented 60g","0","53517","NO"
"Ethique","UN - ETQ18","Ethique Solid Shampoo Bar Professor Curl Curly Hair 108g","0","53519","NO"
"Ethique","UN - ETQ19","Ethique Solid Conditioner & Co-Wash Bar Curliosity Curly Hair 110g","0","53521","NO"
"Ethique","UN - ETQ402","Ethique Gift Bundle Tame Those Locks Frizz Wrangler & The Guardian x2","0","53523","NO"
"Ethique","UN - ETQ403","Ethique Gift Bundle The Adventurer Tip-To-Toe & Flash x2","0","53525","NO"
"Ethique","UN - ETQ505","Ethique Lip Balm Sugarplum Tinted 9g","0","53535","NO"
"Ethique","UN - ETQ501","Ethique Lip Balm Juicy Pink Grapefruit & Vanilla 9g","0","53527","NO"
"Ethique","UN - ETQ502","Ethique Lip Balm Nectar Unscented 9g","0","53529","NO"
"Ethique","UN - ETQ503","Ethique Lip Balm Pepped Up Peppermint 9g","0","53531","NO"
"Ethique","UN - ETQ504","Ethique Lip Balm So Cocoa Chocolate 9g","0","53533","NO"
"Ethique","UN - ETQ510","Ethique Solid Deodorant Stick Botanica 70g","0","53537","NO"
"Ethique","UN - ETQ511","Ethique Solid Deodorant Stick Rustic 70g","0","53539","NO"
"Ethique","UN - ETQ512","Ethique Solid Deodorant Stick Minimalist Unscented 70g","0","53541","NO"
"Ethique","UN - ETQ520","Ethique Solid Face Serum Tube Saving Face Serum 65g","0","53543","NO"
"Ethique","UN - ETQ521","Ethique Solid Face Cream Tube The Perfector Nourishing 65g","0","53545","NO"
"Ethique","UN - ETQ522","Ethique Solid Face Cream Tube Quench Balancing 65g","0","53547","NO"
"Ethique","UN - ETQ530","Ethique Solid Body Butter Tube Coconut & Lime 100g","0","53549","NO"
"Ethique","UN - ETQ531","Ethique Solid Body Butter Tube Jasmin & Ylang Ylang 100g","0","53551","NO"
"Ethique","UN - ETQ60","Ethique Solid Cream Body Cleanser Lime & Lemongrass 105g","0","53577","NO"
"Ethique","UN - ETQ532","Ethique Solid Body Butter Tube Sweet Orange & Vanilla 100g","0","53553","NO"
"Ethique","UN - ETQ533","Ethique Solid Body Butter Tube Unscented 100g","0","53555","NO"
"Ethique","UN - ETQ606","Ethique Discovery Pack  Minis - Invigorating Body Care 45g","0","53589","NO"
"Ethique","UN - ETQ560","Ethique Lipstick Mallow Blush Pink 8g","0","53561","NO"
"Ethique","UN - ETQ561","Ethique Lipstick Honeysuckle Warm Peach 8g","0","53563","NO"
"Ethique","UN - ETQ562","Ethique Lipstick Snapdragon Rosy Mauve 8g","0","53565","NO"
"Ethique","UN - ETQ563","Ethique Lipstick Hibiscus Vibrant Coral 8g","0","53567","NO"
"Ethique","UN - ETQ564","Ethique Lipstick Dahlia Terracotta Brown 8g","0","53569","NO"
"Ethique","UN - ETQ565","Ethique Lipstick Poppy Ruby Red 8g","0","53571","NO"
"Ethique","UN - ETQ566","Ethique Lipstick Tulip Deep Berry 8g","0","53573","NO"
"Ethique","UN - ETQ59","Ethique Solid Cream Body Cleanser Unscented 105g","0","53575","NO"
"Ethique","UN - ETQ601","Ethique Discovery Pack  Minis - For Dry Hair 45g","0","53579","NO"
"Ethique","UN - ETQ602","Ethique Discovery Pack  Minis - For Balanced Hair 45g","0","53581","NO"
"Ethique","UN - ETQ603","Ethique Discovery Pack  Minis - For Oily To Balanced 45g","0","53583","NO"
"Ethique","UN - ETQ604","Ethique Discovery Pack  Minis - For Touchy Scalps 45g","0","53585","NO"
"Ethique","UN - ETQ605","Ethique Discovery Pack  Minis - Luxurious Face Cleansing 45g","0","53587","NO"
"Ethique","UN - ETQ607","Ethique Discovery Pack  Minis - Gentle Unscented 45g","0","53591","NO"
"Ethique","UN - ETQ147","Ethique Shampoo & Soap Saver Bag x6","0","62805","NO"
"Ethique","UN - ETQ307","Ethique Solid Conditioner Mini The Guardian Normal Dry Hair 20 x 15g","0","62806","NO"
"Ethique","UN - ETQ141","Ethique Storage Tray Shampoo & Conditioner Pink x6","0","62560","NO"
"Ethique","UN - ETQ142","Ethique Storage Tray Shampoo & Conditioner Aqua x6","0","62561","NO"
"Ethique","UN - ETQ143","Ethique Storage Tray Shampoo & Conditioner Charcoal x6","0","62562","NO"
"Ethique","UN - ETQ144","Ethique Storage Tray Face Cleanser & Bodywash Pink x6","0","62802","NO"
"Ethique","UN - ETQ145","Ethique Storage Tray Face Cleanser & Bodywash Aqua x6","0","62803","NO"
"Ethique","UN - ETQ146","Ethique Storage Tray Face Cleanser & Bodywash Charcoal x6","0","62804","NO"
"Ethique","UN - ETQ351","Ethique Solid Face Cleanser Mini Deep Green Oily Normal 20 x 15g","0","62807","NO"
"Ethique","UN - ETQ370","Ethique Dogs Solid Shampoo Mini Bow Wow Bar 20 x 15g","0","62810","NO"
"The","UN - GP65C","The Ginger People Ginger Syrup 237ml","0","9669","NO"
"The","UN - FC36","The Natural Family Co Bio Toothbrush (Twin Pack) Pirate Black & Monsoon Mist","0","10855","NO"
"The","UN - FC38","The Natural Family Co Toothbrush Twin Pack River Mint & Monsoon Mist","0","10853","NO"
"The","UN - FC35","The Natural Family Co Bio Toothbrush (Twin Pack) Pirate Black & Ivory Desert","0","10854","NO"
"The","UN - FC37","The Natural Family Co Bio Toothbrush (Twin Pack) River Mint & Ivory Desert","0","10856","NO"
"The","UN - FC34","The Natural Family Co Bio Toothbrush & Stand Soft River Mint","0","10857","NO"
"The","UN - FC33","The Natural Family Co Bio Toothbrush & Stand Soft Pirate Black","0","10858","NO"
"The","UN - FC32","The Natural Family Co Bio Toothbrush & Stand Soft Monsoon Mist","0","10859","NO"
"The","UN - FC31","The Natural Family Co Bio Toothbrush & Stand Soft Ivory Desert","0","10871","NO"
"The","UN - GF11","The Gluten Free Food Co Grain Free Flour Blend Mix 400g","0","11617","NO"
"The","UN - GF12","The Gluten Free Food Co Wholemeal Flour Blend Mix 400g","0","11618","NO"
"The","UN - GF13","The Gluten Free Food Co Quick Bread Mix 480g","0","11619","NO"
"The","UN - GF14","The Gluten Free Food Co Quick Pizza Base Mix 350g","0","11620","NO"
"The","UN - GF15","The Gluten Free Food Co Soft & Flexible Wrap Mix 350g","0","11621","NO"
"The","UN - GF31","The Gluten Free Food Co Banana Bread Mix 400g","0","11625","NO"
"The","UN - GF32","The Gluten Free Food Co Chocolate Cake Mix 500g","0","11626","NO"
"The","UN - GF33","The Gluten Free Food Co Quick & Easy Cupcake Mix 500g","0","11627","NO"
"The","UN - GF41","The Gluten Free Food Co Mac N Cheez Original Cheez 200g","0","11630","NO"
"The","UN - GF42","The Gluten Free Food Co Mac N Cheez Cheez N Chive 200g","0","11631","NO"
"The","UN - GF43","The Gluten Free Food Co Mac N Cheez Chilli Cheez 200g","0","11632","NO"
"The","UN - GF44","The Gluten Free Food Co Mac N Cheez Porcini Cheez 200g","0","11633","NO"
"The","UN - ANS02","The Australian Natural Soap Co Solid Shampoo Bar Dry Hair 100g","0","19797","NO"
"The","UN - ANS03","The Australian Natural Soap Co Solid Shampoo Bar Oily Hair 100g","0","19798","NO"
"The","UN - ANS12","The Australian Natural Soap Co Activated Charcoal Unscented 100g","0","19829","NO"
"The","UN - ANS24","The Australian Natural Soap Co Dog Shampoo 100g","0","19835","NO"
"The","UN - ANS41","The Australian Natural Soap Co Beard & Shave Oil 25ml","0","20059","NO"
"The","UN - ANS51","The Australian Natural Soap Co Dish and Laundry Soap Bar 200g","0","20062","NO"
"The","UN - MF56","The Monday Food Co Keto Granola Peanut Butter Chocolate Chip 800g","0","28204","NO"
"The","UN - ANS05","The Australia Natural Soap Co Conditioner Bar Normal/Dry 100g","0","32594","NO"
"The","UN - ANS06","The Australia Natural Soap Co Conditioner Bar Sensitive/Oily 100g","0","32595","NO"
"The","UN - ANS61","The Australia Natural Soap Co All Natural Soap Flakes 300g","0","32598","NO"
"The","UN - ANS62","The Australia Natural Soap Co All Natural Soap Flakes 1kg","0","32599","NO"
"The","UN - GNC01","The Goodnight Co Pure Essential Oil Calm Blend 10ml","0","32992","NO"
"The","UN - GNC02","The Goodnight Co Pure Essential Oil Good Morning Blend 10ml","0","32993","NO"
"The","UN - GNC03","The Goodnight Co Pure Essential Oil Goodnight Blend 10ml","0","32994","NO"
"The","UN - GNC102","The Goodnight Co Ceramic Diffuser Black Ultrasonic","0","32998","NO"
"The","UN - GNC20","The Goodnight Co Essential Oil Roll On Calm Blend 10ml","0","32999","NO"
"The","UN - GNC21","The Goodnight Co Essential Oil Roll On Good Morning Blend 10ml","0","33000","NO"
"The","UN - GNC22","The Goodnight Co Essential Oil Roll On Goodnight Blend 10ml","0","33001","NO"
"The","UN - GNC40","The Goodnight Co Sleep Mist Sweet Dreams 10ml","0","33003","NO"
"The","UN - GNC41","The Goodnight Co Sleep Mist Sweet Dreams 100ml","0","33004","NO"
"The","UN - GNC50","The Goodnight Co Homoeopathic Oral Liquid Calm Drops 20ml","0","33005","NO"
"The","UN - GNC51","The Goodnight Co Homoeopathic Oral Liquid Cold + Flu Drops 20ml","0","33006","NO"
"The","UN - GNC52","The Goodnight Co Homoeopathic Oral Liquid Deep Sleep Drops 20ml","0","33007","NO"
"The","UN - GNC53","The Goodnight Co Homoeopathic Oral Liquid Menopause Drops 20ml","0","33008","NO"
"The","UN - GNC54","The Goodnight Co Homoeopathic Oral Liquid Morning Drops 20ml","0","33009","NO"
"The","UN - GP47C","The Ginger People Gin Gins Ginger Candy Bag Chewy Original 60g","0","33011","NO"
"The","UN - HEL06","The Hello Cup Menstrual Cup Black Xs x 1","0","33030","NO"
"The","UN - JC06","The Jojoba Company Certified Organic Jojoba Oil For Body 200ml","0","33087","NO"
"The","UN - JC13","The Jojoba Company Certified Organic Jojoba Oil For Body 100ml","0","33090","NO"
"The","UN - MF41","The Monday Food Co Paleo Granola Chocolate, Cherry & Hazelnut 800g","0","33275","NO"
"The","UN - MF61","The Monday Food Co Keto Cake Mix Classic Vanilla Sponge 250g","0","33282","NO"
"The","UN - MF62","The Monday Food Co Keto Cake Mix Chocolate Torte 250g","0","33283","NO"
"The","UN - MF63","The Monday Food Co Keto Cake Mix Peanut Butter Chocolate 250g","0","33284","NO"
"The","UN - MF64","The Monday Food Co Keto Pancake Mix Vanilla Bean 215g","0","33285","NO"
"The","UN - MF68","The Monday Food Co Keto Brownie Mix Chocolate Hazelnut Brownie 260g","0","33286","NO"
"The","UN - MF69","The Monday Food Co Keto Cake Mix Lime & Coconut Sponge 250g","0","33287","NO"
"The","UN - MF70","The Monday Food Co Keto Cake Mix Passionfruit Sponge 250g","0","33288","NO"
"The","UN - MF81","The Monday Food Co Keto Bread Mix Almond White Bread 300g","0","33289","NO"
"The","UN - TWF12","The Whole Foodies Native Cashews Sea Salt 70g","0","33643","NO"
"The","UN - TWF14","The Whole Foodies Jumbo Cashews Natural 85g","0","33645","NO"
"The","UN - GNC104","The Goodnight Co Portable USB Diffuser White Ultrasonic","0","34115","NO"
"The","UN - GNC55","The Goodnight Co. Homeopathic Medicine Oral Liquid Deep Sleep Drops 50ml","0","53703","NO"
"The","UN - GNC60","The Goodnight Co. Pure Essential Oil Trio Kit 3x10ml","0","53705","NO"
"The","UN - GNC62","The Goodnight Co. Homeopathic Medicine Oral Liquid Trio Kit 3x20ml","0","53709","NO"
"The","UN - GF18","The Gluten Free Food Co. CASARECCE Gluten Free Pasta 210g","0","62725","NO"
"The","UN - MF134","The Monday Food Co. Activated Buckwheat Granola Sour Cherry 270g","0","63168","NO"
"The","UN - MF55","The Monday Food Co. Keto Gourmet Granola Peanut Butter Chocolate Chip 300g","0","63172","NO"
"The","UN - TBC12","The Betta Company Betta For Bub 99% Pure Water Baby Wipes 80pk","0","63876","NO"
"The","UN - TBC14","The Betta Company Betta For Bub 99% Pure Water Baby Wipes Jumbo 240pk","0","63877","NO"
"The","UN - TBC16","The Betta Company Betta For Bub 99% Pure Water Baby Wipes Travel 60pk","0","63878","NO"
"Earthwise","UN - EWS27","Earthwise Dish Liquid Lemon & Aloe Vera 750ml","0","32890","NO"
"Earthwise","UN - EWS02","Earthwise Toilet Cleaner Orange & Eucalyptus 500ml","0","32875","NO"
"Earthwise","UN - EWS03","Earthwise Shower & Bathroom Cleaner Eucalyptus & Lemon 500ml","0","32876","NO"
"Earthwise","UN - EWS04","Earthwise Multi Surface Cleaner Citrus & Mint 500ml","0","32877","NO"
"Earthwise","UN - EWS05","Earthwise Multi Surface Cleaner Tea Tree & Thyme 500ml","0","32878","NO"
"Earthwise","UN - EWS06","Earthwise Kitchen Cleaner Pomegranate 500ml","0","32879","NO"
"Earthwise","UN - EWS07","Earthwise Window & Glass Cleaner 500ml","0","32880","NO"
"Earthwise","UN - EWS09","Earthwise Disinfectant Eucalyptus & Thyme 1L","0","32882","NO"
"Earthwise","UN - EWS20","Earthwise Dishwasher Powder Lemon 1kg","0","32883","NO"
"Earthwise","UN - EWS21","Earthwise Dishwasher Powder Lemon 2kg","0","32884","NO"
"Earthwise","UN - EWS22","Earthwise Dishwasher Tablets Lemon 30","0","32885","NO"
"Earthwise","UN - EWS23","Earthwise Dishwasher Tablets Lemon 50","0","32886","NO"
"Earthwise","UN - EWS24","Earthwise Dishwasher Rinse Aid 250ml","0","32887","NO"
"Earthwise","UN - EWS25","Earthwise Dish Liquid Lemon & Aloe Vera 400ml","0","32888","NO"
"Earthwise","UN - EWS26","Earthwise Dish Liquid Rosehip & Aloe Vera 400ml","0","32889","NO"
"Earthwise","UN - EWS28","Earthwise Dish Liquid Rosehip & Aloe Vera 750 ml","0","32891","NO"
"Earthwise","UN - EWS30","Earthwise Laundry Powder Fragrance Free 1kg","0","32892","NO"
"Earthwise","UN - EWS31","Earthwise Laundry Powder Orange & Eucalyptus 1kg","0","32893","NO"
"Earthwise","UN - EWS32","Earthwise Laundry Powder Lavender 1kg","0","32894","NO"
"Earthwise","UN - EWS33","Earthwise Laundry Powder Fragrance Free 2kg","0","32895","NO"
"Earthwise","UN - EWS34","Earthwise Laundry Powder Orange & Eucalyptus 2kg","0","32896","NO"
"Earthwise","UN - EWS35","Earthwise Laundry Powder Lavender 2kg","0","32897","NO"
"Earthwise","UN - EWS40","Earthwise Laundry Liquid Fragrance Free 1L","0","32898","NO"
"Earthwise","UN - EWS41","Earthwise Laundry Liquid Orange & Eucalyptus 1L","0","32899","NO"
"Earthwise","UN - EWS43","Earthwise Laundry Liquid Fragrance Free 2L","0","32901","NO"
"Earthwise","UN - EWS44","Earthwise Laundry Liquid Orange & Eucalyptus 2L","0","32902","NO"
"Earthwise","UN - EWS45","Earthwise Laundry Liquid Lavender 2L","0","32903","NO"
"Earthwise","UN - EWS50","Earthwise Fabric Stain Remover Lavender & Eucalyptus 500ml","0","32904","NO"
"Earthwise","UN - EWS51","Earthwise Oxygenated Whitener Lavender & Eucalyptus 1kg","0","32905","NO"
"Earthwise","UN - EWS52","Earthwise Wool & Delicates White Lily 1L","0","32906","NO"
"Earthwise","UN - EWS53","Earthwise Fabric Softener Papaya & Aloe Vera 1L","0","32907","NO"
"Earthwise","UN - EWN30","Earthwise Nourish Shampoo Balance 320ml","0","53647","NO"
"Earthwise","UN - EWN31","Earthwise Nourish Conditioner Balance 320ml","0","53649","NO"
"Earthwise","UN - EWN32","Earthwise Nourish Shampoo Revitalise 320ml","0","53651","NO"
"Earthwise","UN - EWS01","Earthwise Toilet Cleaner Pine & Tea Tree 500ml","0","53655","NO"
"Earthwise","UN - EWS11","Earthwise Air Freshener Pacific Frangipani 250ml","0","53657","NO"
"Earthwise","UN - EWS12","Earthwise Air Freshener Wild Lavender 250ml","0","53659","NO"
"Earthwise","UN - EWS29","Earthwise Dish Liquid Lemon & Aloe Vera 4L","0","53661","NO"
"Earthwise","UN - EWS36","Earthwise Laundry Powder Fragrance Free 4kg","0","53663","NO"
"Earthwise","UN - EWS37","Earthwise Laundry Powder Orange & Eucalyptus 4kg","0","53665","NO"
"Earthwise","UN - EWS46","Earthwise Laundry Liquid Fragrance Free 4L","0","53667","NO"
"Earthwise","UN - EWS47","Earthwise Laundry Liquid Orange & Eucalyptus 4L","0","53669","NO"
"Earthwise","UN - EWS48","Earthwise Laundry Capsules Orange & Eucalyptus x16","0","53671","NO"
"Earthwise","UN - EWS54","Earthwise Fabric Softener Sensitive White Lily 1L","0","53673","NO"
"Botanika","UN - BT101","Botanika Blends Plant Protein Lemon Cheesecake 500g","0","23761","NO"
"Botanika","UN - BT102","Botanika Blends Plant Protein Lemon Cheesecake 1kg","0","23762","NO"
"Botanika","UN - BT112","Botanika Blends Vegan Protein Bars Lemon Cheesecake 12 x 40g","0","30112","NO"
"Botanika","UN - BT73","Botanika Blends Botanika Basics Activated Charcoal 300g","0","32686","NO"
"Botanika","UN - BT128","Botanika Blends Vegan Protein Custard Decadent Chocolate 120g","0","32666","NO"
"Botanika","UN - BT130","Botanika Blends Nice Cream Vanilla Bean Protein Ice Cream 120g","0","32668","NO"
"Botanika","UN - BT71","Botanika Blends Botanika Basics Organic Cacao Powder 300g","0","32684","NO"
"Botanika","UN - BT72","Botanika Blends Botanika Basics Organic Chia Seeds 300g","0","32685","NO"
"Botanika","UN - BT76","Botanika Blends Botanika Basics Organic Hemp Seeds 300g","0","32689","NO"
"Botanika","UN - BT77","Botanika Blends Botanika Basics Organic Maca Powder 300g","0","32690","NO"
"Botanika","UN - BT80","Botanika Blends Botanika Brekky Probiotic Porridge Apple Pie 1kg","0","32692","NO"
"Botanika","UN - BT82","Botanika Blends Botanika Brekky Probiotic Porridge Cacao Crunch 1kg","0","32693","NO"
"Botanika","UN - BT84","Botanika Blends Botanika Brekky Probiotic Porridge Vanilla Dream 1kg","0","32694","NO"
"Botanika","UN - BT92","Botanika Blends Botanika Basics Peanut Butter Powder 300g","0","32699","NO"
"Botanika","UN - BT144","Botanika Blends Bickie - Protein Cookie Ginger Crunch 12x60g","0","53351","NO"
"Botanika","UN - BT145","Botanika Blends Bickie - Protein Cookie Lemon Poppyseed 12x60g","0","53353","NO"
"Botanika","UN - BT146","Botanika Blends Bickie - Protein Cookie Choc Chip Peanut Butter & Jelly 12x60g","0","53355","NO"
"Botanika","UN - BT160","Botanika Blends Power Potion Pre-Workout Powder Cola 300g","0","53359","NO"
"Botanika","UN - BT161","Botanika Blends Power Potion Pre-Workout Powder Strawberry Kiwi 300g","0","53361","NO"
"Botanika","UN - BT17","Botanika Blends Plant Protein Fruity Cereal Mylk 500g","0","53362","NO"
"Botanika","UN - BT18","Botanika Blends Plant Protein Fruity Cereal Mylk 1kg","0","53363","NO"
"Botanika","UN - BT19","Botanika Blends Plant Protein PB&J (Peanut Butter & Jam) 500g","0","53364","NO"
"Botanika","UN - BT20","Botanika Blends Plant Protein PB&J (Peanut Butter & Jam) 1kg","0","53365","NO"
"Botanika","UN - BT110","Botanika Blends Vegan Protein Bars Apple Pie 12x40g","0","53366","NO"
"Botanika","UN - BT38","Botanika Blends Plant Protein Golden Chai Latte 12x40g","0","53369","NO"
"Botanika","UN - BT39","Botanika Blends Plant Protein Raspberry Coconut 12x40g","0","53371","NO"
"Botanika","UN - BT123","Botanika Blends Marvellous Mug Cakes Choc Chip Banana Bread 100g","0","53372","NO"
"Botanika","UN - BT124","Botanika Blends Marvellous Mug Cakes Luscious Lemon Cake 100g","0","53373","NO"
"Botanika","UN - BT70","Botanika Blends Basics Organic Acai Powder 300g","0","53374","NO"
"Botanika","UN - BT81","Botanika Blends Brekky Probiotic Porridge Cacao Crunch 12x60g","0","53378","NO"
"Botanika","UN - BT85","Botanika Blends Plant Protein Apple Pie 12x40g","0","53381","NO"
"Botanika","UN - BT28","Botanika Blends Plant Protein Caramelised Popcorn 1kg","0","62251","NO"
"Botanika","UN - BT46","Botanika Blends Plant Protein Spiced Pumpkin Pie 500g","0","62252","NO"
"Botanika","UN - BT47","Botanika Blends Plant Protein Spiced Pumpkin Pie 1kg","0","62253","NO"
"Summer","UN - SUM61","Summer Salt Body Dream Eye Mask Rose (Satin & Spandex)","0","34196","NO"
"Summer","UN - SUM70","Summer Salt Body Crystal Soap Amethyst Lavender 155g","0","34197","NO"
"Summer","UN - SUM72","Summer Salt Body Crystal Soap Rose Jasmine 155g","0","34199","NO"
"Summer","UN - SUM100","Summer Salt Body Dream Cream Mask Green 50ml","0","54565","NO"
"Summer","UN - SUM101","Summer Salt Body Dream Cream Mask Rose 50ml","0","54567","NO"
"Summer","UN - SUM102","Summer Salt Body Glitter Face Mask 50ml","0","54569","NO"
"Summer","UN - SUM103","Summer Salt Body Face Mask Charcoal Clay 120ml","0","54571","NO"
"Summer","UN - SUM104","Summer Salt Body Face Mask Chocolate Clay 120ml","0","54573","NO"
"Summer","UN - SUM105","Summer Salt Body Face Mask Green Clay 120ml","0","54575","NO"
"Summer","UN - SUM120","Summer Salt Body Vegan Collagen Eye Mask Sets Glitter x5","0","54579","NO"
"Summer","UN - SUM122","Summer Salt Body Vegan Collagen Lip Mask Sets Glitter x 5","0","54583","NO"
"Summer","UN - SUM123","Summer Salt Body Vegan Collagen Lip Mask Sets Gold x 5","0","54585","NO"
"Summer","UN - SUM42","Summer Salt Body Crystal Facial Roller Amethyst x1","0","54597","NO"
"Summer","UN - SUM71","Summer Salt Body Crystal Soap Aquamarine Lemongrass 150g","0","54611","NO"
"Summer","UN - SUM73","Summer Salt Body Crystal Soap Opal Coconut & Vanilla 150g","0","54612","NO"
"Summer","UN - SUM74","Summer Salt Body Crystal Soap Lapis Lazuli Jasmine & Lime 150g","0","54613","NO"
"Summer","UN - SUM132","Summer Salt Body Salt Scrub Coffee 350g","0","63729","NO"
"Summer","UN - SUM114","Summer Salt Body Glow Oil Bronzed Babe Cacao 30ml","0","63726","NO"
"Summer","UN - SUM130","Summer Salt Body Salt Scrub Coconut & Lime 350g","0","63727","NO"
"Summer","UN - SUM131","Summer Salt Body Salt Scrub Coconut 350g","0","63728","NO"
"Summer","UN - SUM138","Summer Salt Body Salt Scrub Pink Grapefruit 350g","0","63730","NO"
"Summer","UN - SUM139","Summer Salt Body Salt Scrub Sandalwood & Vanilla Bean 350g","0","63731","NO"
"Summer","UN - SUM150","Summer Salt Body Crystal Elixir Glass Water Bottle Amethyst 550ml","0","63732","NO"
"Summer","UN - SUM151","Summer Salt Body Crystal Elixir Glass Water Bottle Clear Quartz 550ml","0","63733","NO"
"Summer","UN - SUM62","Summer Salt Body Dream Eye Mask Gold (Satin + Spandex) ","0","63736","NO"
"Summer","UN - SUM83","Summer Salt Body Hydrate Me Facial Moisturiser 50ml","0","63740","NO"
"Summer","UN - SUM84","Summer Salt Body Purify Me Toning Mist 100ml","0","63741","NO"
"Summer","UN - SUM87","Summer Salt Body Vegan Collagen Serum 30ml","0","63744","NO"
"Summer","UN - SUM89","Summer Salt Body Soothe Me Milk Cleanser 200ml","0","63746","NO"
"Eclipse","UN - EE20","Eclipse Organics Organic Bircher Chunky Australian Muesli 500g","0","32803","NO"
"Eclipse","UN - EE21","Eclipse Organics Organic Muesli Probiotic Lumberjack 410g","0","32804","NO"
"Eclipse","UN - EE22","Eclipse Organics Organic Raw Muesli 40% Fruit and Nut 500g","0","32805","NO"
"Eclipse","UN - EE23","Eclipse Organics Organic Granola Turmeric Coconut Latte 450g","0","32806","NO"
"Eclipse","UN - EE30","Eclipse Organics Organic Muesli Coconut Rough with Berries 450g","0","32807","NO"
"Eclipse","UN - EE31","Eclipse Organics Organic Muesli Gluten Free Nutty Clusters 400g","0","32808","NO"
"Eclipse","UN - EE32","Eclipse Organics Organic Muesli Gluten Free Light and Crisp 380g","0","32809","NO"
"Eclipse","UN - EE33","Eclipse Organics Organic Muesli Maple, Apple & Cranberry 450g","0","32810","NO"
"Eclipse","UN - EE34","Eclipse Organics Organic Muesli Nut, Honey & Chia 450g","0","32811","NO"
"Eclipse","UN - EE35","Eclipse Organics Organic Muesli Verry Berry Crunch 410g","0","32812","NO"
"Eclipse","UN - EE37","Eclipse Organics Organic Paleo Muesli Fruit and Nut 450g","0","32813","NO"
"Eclipse","UN - EE38","Eclipse Organics Organic Paleo Muesli Hemp and Nut 425g","0","32814","NO"
"Eclipse","UN - EE39","Eclipse Organics Organic Paleo Clusters Manuka Macadamia 450g","0","32815","NO"
"Eclipse","UN - EE50","Eclipse Wholefoods Modern No Nut Granola Vanilla Maple Clusters 450g","0","34101","NO"
"Eclipse","UN - EE51","Eclipse Wholefoods Slow Roasted Muesli Australian Honey & Coconut 450g","0","34102","NO"
"Eclipse","UN - EE52","Eclipse Wholefoods Raw Muesli Berry, Apple & Almond 500g","0","34103","NO"
"Eclipse","UN - EE53","Eclipse Wholefoods Digestive Clusters Salted Caramel & Ginger Nut 450g","0","34104","NO"
"Eclipse","UN - EE54","Eclipse Wholefoods Slow Roasted Muesli Honey Nut Crunch 425g","0","34105","NO"
"Eclipse","UN - EE40","Eclipse Organics Raw Paleo Bar Berry Ripe 12 x 45g","0","62484","NO"
"Eclipse","UN - EE41","Eclipse Organics Raw Paleo Bar Choc Mint Slice 12 x 45g","0","62485","NO"
"Eclipse","UN - EE42","Eclipse Organics Raw Paleo Bar Chocolate Brownie 12 x 45g","0","62486","NO"
"Eclipse","UN - EE43","Eclipse Organics Raw Paleo Bar Choc Orange Fudge 12 x 45g","0","62487","NO"
"Eclipse","UN - EE44","Eclipse Organics Raw Paleo Bar Coconut Rough 12 x 45g","0","62488","NO"
"Eclipse","UN - EE46","Eclipse Organics Raw Paleo Bar Chunky Peanut Butter 12 x 45g","0","62490","NO"
"Little","UN - LZ36","Little Zebra Chocolates Carob Buds Coconut 85g","0","19997","NO"
"Little","UN - LT40","Little Mashies Reusable Bowl Cover Extra Large 28cm 1","0","28171","NO"
"Little","UN - LT41","Little Mashies Reusable Bowl Cover XXL 31cm 1","0","28172","NO"
"Little","UN - LT19","Little Mashies Straw Cleaning Brushes x 3","0","33197","NO"
"Little","UN - LT36","Little Mashies Reusable Bowl Cover Set Pack of 6 x 6","0","33199","NO"
"Little","UN - LT38","Little Mashies Reusable Food Silicone Snack Bag Small 500ml 1","0","33201","NO"
"Little","UN - ETQ540","Little Ethique Solid Massage Bar Tube Love Baby Bar 100g","0","53557","NO"
"Little","UN - ETQ541","Little Ethique Solid Calming Bottom Balm Tube Baby Bott Balm 100g","0","53559","NO"
"Little","UN - ETQ95","Little Ethique Solid Bath Melts Bath Mylk 60g","0","53593","NO"
"Little","UN - ETQ96","Little Ethique Solid Calming Bum Balm Baby Bott Balm 100g","0","53595","NO"
"Little","UN - LZ106","Little Zebra Chocolates Dark Chocolate Mint Supreme 12x85g","0","53909","NO"
"Little","UN - LZ107","Little Zebra Chocolates Dark Chocolate Orange Supreme 12x85g","0","53910","NO"
"Little","UN - LZ109","Little Zebra Chocolates Dark Chocolate Chilli Supreme 12x85g","0","53915","NO"
"Little","UN - LZ110","Little Zebra Chocolates Dark Chocolate Mandarin Supreme 12x85g","0","53918","NO"
"Little","UN - LZ111","Little Zebra Chocolates Dark Chocolate Ginger Supreme 12x85g","0","53921","NO"
"Little","UN - LZ112","Little Zebra Chocolates Hemp Delight Dark Chocolate Chai 12x85g","0","53924","NO"
"Little","UN - LZ113","Little Zebra Chocolates Hemp Delight Dark Chocolate Dark 12x85g","0","53927","NO"
"Little","UN - LZ114","Little Zebra Chocolates Hemp Delight Dark Chocolate Mint 12x85g","0","53930","NO"
"Little","UN - LZ115","Little Zebra Chocolates Dark Chocolate Dark Supreme 91% 12x85g","0","53933","NO"
"Little","UN - LZ116","Little Zebra Chocolates Dark Chocolate Dark Supreme 100% 12x85g","0","53936","NO"
"Little","UN - LZ117","Little Zebra Chocolates Keto White Chocolate 12x85g","0","53939","NO"
"Little","UN - LZ118","Little Zebra Chocolates Keto White Chocolate Crunch 12x85g","0","53942","NO"
"Little","UN - ETQ362","Little Ethique Kids Solid Conditioner Mini Untangled 20 x 15g","0","62809","NO"
"Luvin","UN - LL03","Luvin Life Magnesium Flakes 1kg","0","10902","NO"
"Luvin","UN - LL02","Luvin Life Epsom Salts 1.25kg","0","10903","NO"
"Luvin","UN - LL01","Luvin Life Bi Carb Soda 500g","0","10904","NO"
"Luvin","UN - LL05","Luvin Life Himalayan Salt Fine 200g","0","11178","NO"
"Luvin","UN - LL06","Luvin Life Himalayan Salt Fine 500g","0","11179","NO"
"Luvin","UN - LL08","Luvin Life Himalayan Salt Coarse 200g","0","11181","NO"
"Luvin","UN - LL09","Luvin Life Himalayan Salt Coarse 500g","0","11182","NO"
"Luvin","UN - LL11","Luvin Life MSM Methyl Sulphonyl Methane 1kg","0","33179","NO"
"Luvin","UN - LL12","Luvin Life MSM Methyl Sulphonyl Methane 400g","0","53855","NO"
"Luvin","UN - LL13","Luvin Life Epsom Salts Magnesium Sulphate 750g","0","53857","NO"
"Luvin","UN - LL14","Luvin Life Magnesium Bath Flakes Pharmaceutical Grade 500g","0","53859","NO"
"Luvin","UN - LL35","Luvin Life Crystal Water Bottle Amethyst Gratitude 550ml","0","53861","NO"
"Luvin","UN - LL36","Luvin Life Crystal Water Bottle Rose Quartz Love 550ml","0","53863","NO"
"Luvin","UN - LL45","Luvin Life Smudge Stick White Sage Mini 12cm x1","0","53865","NO"
"Luvin","UN - LL46","Luvin Life Smudge Stick White Sage Mini 12cm x2","0","53867","NO"
"Luvin","UN - LL47","Luvin Life Smudge Stick White Sage Small 16cm x1","0","53869","NO"
"Luvin","UN - LL48","Luvin Life Smudge Stick White Sage Medium 20cm x1","0","53871","NO"
"Luvin","UN - LL49","Luvin Life Smudge Stick White Sage Large 25cm x1","0","53873","NO"
"Luvin","UN - LL67","Luvin Life Herbal Foot Patches (10 Patches) 5x2","0","53876","NO"
"Luvin","UN - LL80","Luvin Life Vege Capsules Unfilled Size 0 x100","0","53897","NO"
"Luvin","UN - LL90","Luvin Life Floss Picks Eco-Friendly 12 x 50pcs","0","63032","NO"
"Plantasy","UN - GF61","Plantasy Foods Cheez Sprinkles 130g","0","23675","NO"
"Plantasy","UN - GF62","Plantasy Foods Creamy Cheez Sauce Mix 150g","0","23676","NO"
"Plantasy","UN - GF63","Plantasy Foods Omelette and Fritter Mix (Egg Free) 150g","0","23677","NO"
"Plantasy","UN - GF64","Plantasy Foods Vegetable Gravy Mix 150g","0","23678","NO"
"Plantasy","UN - GF45","Plantasy Foods Mac N Cheez Mac N Go 80g","0","25721","NO"
"Plantasy","UN - GF72","Plantasy Foods The Good Soup Cheezy Broccoli 10x 30g","0","28219","NO"
"Plantasy","UN - GF74","Plantasy Foods The Good Soup Creamy Tomato With Basil 10x 30g","0","28221","NO"
"Plantasy","UN - GF76","Plantasy Foods The Good Soup Laksa Kaffir Lime & Coconut 10x 30g","0","28223","NO"
"Plantasy","UN - GF77","Plantasy Foods The Good Soup Wild Mushroom 10x 30g","0","28224","NO"
"Plantasy","UN - GF103","Plantasy Foods Plant Based Protein Soy Free 100% Pea Protein Meat Alternative 150g","0","32971","NO"
"Plantasy","UN - GF111","Plantasy Foods Nut Roast With Cranberries Includes Baking Pan 300g","0","32972","NO"
"Plantasy","UN - GF81","Plantasy Foods Pure Potato Mash Instant Mix 150g","0","32977","NO"
"Plantasy","UN - GF83","Plantasy Foods Potato & Spinach Mash Instant Mix 150g","0","32979","NO"
"Plantasy","UN - GF84","Plantasy Foods Low Carb Potato Mash Instant Mix 150g","0","32980","NO"
"Plantasy","UN - GF91","Plantasy Foods Gluten Free Pasta ABC Alfabeto 200g","0","32981","NO"
"Plantasy","UN - GF92","Plantasy Foods Gluten Free Pasta Sea Shells Conchiglie 250g","0","32982","NO"
"Plantasy","UN - GF93","Plantasy Foods Gluten Free Pasta Little Stars Stelline 200g","0","32983","NO"
"Plantasy","UN - GF95","Plantasy Foods Gluten Free Pasta Rigatoni 250g","0","53689","NO"
"Plantasy","UN - GF96","Plantasy Foods Gluten Free Pasta Macaroni 200g","0","53691","NO"
"Sow","UN - SOW04","Sow 'N Sow Gift Of Seeds Chamomile 1","0","32128","NO"
"Sow","UN - SOW06","Sow 'N Sow Gift Of Seeds Echinacea 1","0","32130","NO"
"Sow","UN - SOW10","Sow 'N Sow Gift Of Seeds Leafy Greens 1","0","32148","NO"
"Sow","UN - SOW41","Sow 'N Sow Pop Up Pot Beach 1","0","32154","NO"
"Sow","UN - SOW44","Sow 'N Sow Pop Up Pot Plant Party 1","0","32157","NO"
"Sow","UN - SOW52","Sow 'N Sow Recycled Gift Tags 10 Pack Echinacea x 10","0","34212","NO"
"Sow","UN - SOW50","Sow 'N Sow Recycled Gift Tags 10 Pack Chamomile x 10","0","34210","NO"
"Sow","UN - SOW51","Sow 'N Sow Recycled Gift Tags 10 Pack Culinary Flowers x 10","0","34211","NO"
"Sow","UN - SOW53","Sow 'N Sow Recycled Gift Tags 10 Pack Forget Me Not x 10","0","34213","NO"
"Sow","UN - SOW54","Sow 'N Sow Recycled Gift Tags 10 Pack Herbs x 10","0","34214","NO"
"Sow","UN - SOW55","Sow 'N Sow Recycled Gift Tags 10 Pack Marigold x 10","0","34215","NO"
"Sow","UN - SOW56","Sow 'N Sow Recycled Gift Tags 10 Pack Poppy x 10","0","34216","NO"
"Sow","UN - SOW57","Sow 'N Sow Recycled Gift Tags 10 Pack Secret Garden x 10","0","34217","NO"
"Sow","UN - SOW58","Sow 'N Sow Recycled Gift Tags 10 Pack Sunflower x 10","0","34218","NO"
"Sow","UN - SOW59","Sow 'N Sow Recycled Gift Tags 10 Pack Sweet Pea x 10","0","34219","NO"
"Sow","UN - SOW60","Sow 'N Sow Recycled Gift Tags 10 Pack Wildflowers x 10","0","34220","NO"
"Sow","UN - SOW61","Sow 'N Sow Recycled Gift Tags 10 Pack Wonderland x 10","0","34221","NO"
"Sow","UN - SOW20","Sow 'n Sow Gift of Seeds Swan River Daisy ","0","63687","NO"
"Sow","UN - SOW70","Sow 'n Sow Gift of Seeds California Poppy ","0","63693","NO"
"Dr Organic","UN - DC163","Dr Organic Dead Sea Mineral Roll On Deodorant 50ml","0","6918","NO"
"Dr Organic","UN - DC17","Dr Organic Lavender Conditioner 265ml.","0","8171","NO"
"Dr Organic","UN - DC187","Dr Organic Hemp Oil Intensive Eye Serum 15ml","0","11042","NO"
"Dr Organic","UN - DC190","Dr Organic Intensive Conditioning Hair Mask Organic Hemp Oil 200ml","0","11049","NO"
"Dr Organic","UN - DC16","Dr Organic Lavender Shampoo 265ml","0","11051","NO"
"Dr Organic","UN - DC226","Dr Organic Skin Lotion Cocoa Butter 200ml","0","11351","NO"
"Dr Organic","UN - DC227","Dr Organic Wonder Oil Cocoa Butter 150ml","0","11352","NO"
"Dr Organic","UN - DC229","Dr Organic Day Cream Cocoa Butter 50ml","0","11354","NO"
"Dr Organic","UN - DC285","Dr Organic Day Cream Organic Shea Butter 50ml","0","19607","NO"
"Dr Organic","UN - DC264","Dr Organic Travel Size Body Wash Organic Rose Otto 75ml","0","19597","NO"
"Dr Organic","UN - DC281","Dr Organic Body Scrub Organic Shea Butter 200ml","0","19603","NO"
"Dr Organic","UN - DC286","Dr Organic Night Cream Organic Shea Butter 50ml","0","19608","NO"
"Dr Organic","UN - DC314","Dr Organic Men's Hair Style Putty Organic Ginseng 75g","0","23780","NO"
"Dr Organic","UN - DC310","Dr Organic Men's Hair & Body Wash Organic Ginseng 250ml","0","23776","NO"
"Dr Organic","UN - DC312","Dr Organic Men's Shave & Beard Oil Organic Ginseng 50ml","0","23778","NO"
"Dr Organic","UN - DC317","Dr Organic Instant Hydrating Lotion Organic Reishi 50ml","0","32785","NO"
"Dr Organic","UN - DC334","Dr Organic Fragrance Free Skin Lotion Organic Calendula 200ml","0","34573","NO"
"Protein Supplies","UN - PT09","Protein Supplies Australia Whey Protein Isolate (WPI) 3kg","0","2223","NO"
"Protein Supplies","UN - PT08","Protein Supplies Australia Whey Protein Concentrate (WPC) 3kg","0","2222","NO"
"Protein Supplies","UN - PT60","Protein Supplies Australia Raw Pure Pea Protein 3kg","0","6752","NO"
"Protein Supplies","UN - PT69","Protein Supplies Australia Chocolate Whey Protein Isolate (WPI) 3kg","0","6753","NO"
"Protein Supplies","UN - PT104","Protein Supplies Australia Blood Orange BCAA 200g","0","9400","NO"
"Protein Supplies","UN - PT191","Protein Supplies Australia WPI (Whey Protein Isolate) Chocolate Mint 1kg","0","33509","NO"
"Protein Supplies","UN - PT192","Protein Supplies Australia PeaPro (Raw Pea Protein) Chocolate Mint 500g","0","33510","NO"
"Protein Supplies","UN - PT193","Protein Supplies Australia PeaPro (Raw Pea Protein) Chocolate Mint 1kg","0","33511","NO"
"Protein Supplies","UN - PT106","PROTEIN SUPPLIES AUST. Branched Chain Amino Acids Pine Coconut 200g","0","54511","NO"
"Protein Supplies","UN - PT181","PROTEIN SUPPLIES AUST. Restore Hydration Recovery Rasp Lemonade 16x10g","0","54516","NO"
"Protein Supplies","UN - PT59","PROTEIN SUPPLIES AUST. PeaPro (Raw Pea Protein) Vanilla Bean 3kg","0","54518","NO"
"Protein Supplies","UN - PT121","Protein Supplies Australia Branched Chain Amino Acids Grape 200g","0","63479","NO"
"Protein Supplies","UN - PT202","Protein Supplies Australia Protein Water Tropical Punch 800g","0","63492","NO"
"Protein Supplies","UN - PT210","Protein Supplies Australia Protein Water Raspberry 300g","0","63493","NO"
"Alter","UN - AE93","Alter Eco Chocolate (Organic) Superdark Cacao Truffles 108g","0","32593","NO"
"Alter","UN - AE111","Alter Eco Chocolate (Organic) Classic Grass Fed Milk 12x75g","0","53276","NO"
"Alter","UN - AE112","Alter Eco Chocolate (Organic) Rice Crisp Grass Fed Milk 12x75g","0","53277","NO"
"Alter","UN - AE113","Alter Eco Chocolate (Organic) Almond Grass Fed Milk 12x75g","0","53278","NO"
"Alter","UN - AE154","Alter Eco Chocolate (Organic) Dark Milk Silk Velvet Truffles 5x108g","0","53279","NO"
"Alter","UN - AE155","Alter Eco Chocolate (Organic) Dark Salted Caramel Truffles 5x108g","0","53280","NO"
"Alter","UN - AE172","Alter Eco Chocolate (Organic) Dark Salted Almonds 12x80g","0","53287","NO"
"Alter","UN - AE174","Alter Eco Chocolate (Organic) Dark Mint Creme Truffles 5x108g","0","53288","NO"
"Alter","UN - AE193","Alter Eco Chocolate (Organic) Superdark Cacao Truffles 5x108g","0","53292","NO"
"Alter","UN - AE58","Alter Eco Chocolate (Organic) Salted Caramel Truffles 60x12g","0","53293","NO"
"Alter","UN - AE91","Alter Eco Chocolate (Organic) Superdark Cacao Truffles 60x12g","0","53295","NO"
"Alter","UN - AE107","Alter Eco Chocolate Organic Raspberry Creme Dark Truffle Thins 12 x 84g","0","62075","NO"
"Alter","UN - AE109","Alter Eco Chocolate Organic Orange Creme Dark Truffle Thins 12 x 84g","0","62076","NO"
"Low","UN - LCL01","Low Carb Life Lemonlicious Slice Keto Bake Mix 300g","0","53827","NO"
"Low","UN - LCL02","Low Carb Life Peanut Butter Choc Chip Bars Keto Bake Mix 300g","0","53829","NO"
"Low","UN - LCL03","Low Carb Life Rich Chocolate Brownies Keto Bake Mix 300g","0","53831","NO"
"Low","UN - LCL04","Low Carb Life Low Carb Pastry Mix Keto Bake Mix 300g","0","53833","NO"
"Low","UN - LCL05","Low Carb Life Low Carb Quick Mix Bread Keto Bake Mix 400g","0","53835","NO"
"Low","UN - LCL07","Low Carb Life Raspberry White Chocolate Slice Keto Bake Mix 300g","0","53837","NO"
"Low","UN - LCL08","Low Carb Life Chocolate Mousse Slice Keto Bake Mix 300g","0","53839","NO"
"Low","UN - LCL09","Low Carb Life Chocolate Almond Torte Keto Bake Mix 300g","0","53841","NO"
"Low","UN - LCL10","Low Carb Life Pancake and Waffle Mix Keto Bake Mix 300g","0","53843","NO"
"Low","UN - LCL20","Low Carb Life One Pot Pasta Cheese Supreme 10x90g","0","53845","NO"
"Low","UN - LCL21","Low Carb Life One Pot Pasta Creamy Mushroom 10x90g","0","53847","NO"
"Low","UN - LCL22","Low Carb Life One Pot Pasta Tomato & Parmesan 10x90g","0","53849","NO"
"Low","UN - LCL23","Low Carb Life One Pot Pasta Vegie Bolognese 10x90g","0","53851","NO"
"Evolution","UN - EVB01","Evolution Botanicals Cordyceps Extract Energy & Performance Organic 10:1 100g","0","29183","NO"
"Evolution","UN - EVB02","Evolution Botanicals Ayurvedic Shilajit Himalayan Mineral Complex 120g","0","29184","NO"
"Evolution","UN - EVB03","Evolution Botanicals Lion's Mane Extract Cognitive Performance Organic 12:1 100g","0","29185","NO"
"Evolution","UN - EVB04","Evolution Botanicals Reishi Extract Spiritual Potency Organic 16:1 100g","0","29186","NO"
"Evolution","UN - EVB06","Evolution Botanicals Siberian Chaga Extract King Of Mushrooms Organic 11:1 100g","0","29188","NO"
"Evolution","UN - EVB07","Evolution Botanicals Tremella Extract Beauty & Complexion Organic 10:1 120g","0","29189","NO"
"Evolution","UN - EVB08","Evolution Botanicals 10 Mushroom Formula Immune & Wellbeing 100g","0","34107","NO"
"Evolution","UN - EVB10","Evolution Botanicals Turkey Tail Immune Protection & Vitality 100g","0","34108","NO"
"Evolution","UN - EVB09","Evolution Botanicals Eleuthero Extract - Energy Mood & Focus 120g","0","53611","NO"
"Evolution","UN - EVB12","Evolution Botanicals Schisandra Youthfulness & Sexual Vitality 120g","0","53615","NO"
"Evolution","UN - EVB13","Evolution Botanicals Ashwagandha Ayurvedic Restorative Tonic 120g","0","53617","NO"
"Evolution","UN - EVB60","Evolution Botanicals Ready Set Kombucha Zesty Lemon & Ginger Sachets 10pk","0","62596","NO"
"Jack N","UN - JJ21","Jack N' Jill Bunny Toothbrush 1 Unit","0","1499","NO"
"Jack N","UN - JJ38","Jack N' Jill Dinosaur Toothbrush","0","7819","NO"
"Jack N","UN - JJ37","Jack N' Jill Koala Toothbrush","0","7880","NO"
"Jack N","UN - JJ39","Jack N' Jill Storage/Rinse Cup Dinosaur","0","8215","NO"
"Jack N","UN - JJ26","Jack N' Jill Toothbrush (Children) Monkey Biodegradable x 1","0","33095","NO"
"Jack N","UN - JJ27","Jack N' Jill Toothbrush (Children) Unicorn Biodegradable x 1","0","33096","NO"
"Jack N","UN - JJ62","Jack N' Jill Hand Sanitizer & Holder Dino Anti Bacterial 2x 29ml","0","33100","NO"
"Jack N","UN - JJ101","Jack N' Jill Baby Wash Fragrance Free 3 x 300ml","0","62963","NO"
"Jack N","UN - JJ105","Jack N' Jill Baby Lotion Fragrance Free 6 x 100ml","0","62967","NO"
"Jack N","UN - JJ28","Jack N' Jill Toothbrush Children Elephant Biodegradable x8","0","62968","NO"
"Jack N","UN - JJ44","Jack N' Jill Tooth Keepers Mixed x8","0","62970","NO"
"My","UN - MM25","My Magic Mud Spearmint Toothpaste 113g","0","10890","NO"
"My","UN - MM42","My Magic Mud Oral Rinse Alcohol Free Classic Mint 420ml","0","11151","NO"
"My","UN - MM31","My Magic Mud Polishing Tooth Powder Peppermint 40g","0","11803","NO"
"My","UN - MM32","My Magic Mud Tooth Powder Spearmint 40g","0","11804","NO"
"My","UN - MM71","My Magic Mud Silver Charcoal Toothpaste With Coconut Oil Peppermint 113g","0","28208","NO"
"My","UN - MM72","My Magic Mud Silver Charcoal Toothpaste With Coconut Oil Spearmint 113g","0","28209","NO"
"My","UN - MM22","My Magic Mud Activated Charcoal Toothpaste Cinnamon Clove 113g","0","33293","NO"
"My","UN - MM23","My Magic Mud Activated Charcoal Toothpaste Peppermint 113g","0","33294","NO"
"My","UN - MM24","My Magic Mud Activated Charcoal Toothpaste Wintergreen 113g","0","33295","NO"
"My","UN - MM28","My Magic Mud Whitening Tooth Powder With Charcoal Cinnamon 30g","0","33296","NO"
"My","UN - MM73","My Magic Mud Silver Charcoal Toothpaste With Hemp Seed Oil Magical Mint 113g","0","33300","NO"
"Urban","UN - URB21","Urban Greens Grow Kit Culinary Flowers 10x 10cm x 1","0","33652","NO"
"Urban","UN - URB22","Urban Greens Grow Kit Kitchen Herbs 10x 10cm x 1","0","33653","NO"
"Urban","UN - URB24","Urban Greens Grow Kit Summer Saltad 10x 10cm x 1","0","33655","NO"
"Urban","UN - URB31","Urban Greens Mini Garden Sprouts Kit Pink Kale 20 X 8 X 7cm x 1","0","33656","NO"
"Urban","UN - URB32","Urban Greens Mini Garden Sprouts Kit Sunflower 20 X 8 X 7cm x 1","0","33657","NO"
"Urban","UN - URB25","Urban Greens Grow Kit Dwarf Cosmos 14x14x8.5cm x 1","0","54637","NO"
"Urban","UN - URB51","Urban Greens Seed Balls for planting Bee Friendly Flowers (24 Per Tin) x 1","0","54641","NO"
"Urban","UN - URB52","Urban Greens Seed Balls for planting Cottage Flowers (24 Per Tin) x 1","0","54643","NO"
"Urban","UN - URB53","Urban Greens Seed Balls for planting Field of Poppies (24 Per Tin) x 1","0","54645","NO"
"Urban","UN - URB54","Urban Greens Seed Balls for planting Kitchen Herbs (24 Per Tin) x 1","0","54647","NO"
"Urban","UN - URB55","Urban Greens Seed Balls for planting Leafy Greens (24 Per Tin) x 1","0","54649","NO"
"Myles","UN - MYG31","Myles Gray TheOils Room Spray Rose Geranium & Ylang Ylang 200ml","0","63230","NO"
"Myles","UN - MYG32","Myles Gray TheOils Room Spray Lavendar & Chamomile 200ml","0","63231","NO"
"Myles","UN - MYG41","Myles Gray Crystal Infused Reed Diffuser Salted Caramel 200ml","0","63232","NO"
"Myles","UN - MYG61","Myles Gray Crystal Infused Room Spray Salted Caramel 200ml","0","63233","NO"
"Myles","UN - MYG62","Myles Gray Crystal Infused Room Spray Citrus Burst 200ml","0","63241","NO"
"Myles","UN - MYG63","Myles Gray Crystal Infused Room Spray Watermelon 200ml","0","63242","NO"
"Myles","UN - MYG65","Myles Gray Crystal Infused Room Spray Coconut & Clarity 200ml","0","63243","NO"
"Myles","UN - MYG66","Myles Gray Crystal Infused Room Spray Bulgarian Rose 200ml","0","63244","NO"
"Myles","UN - MYG67","Myles Gray Crystal Infused Room Spray Coconut, Pineapple &Vanilla 200ml","0","63245","NO"
"Myles","UN - MYG68","Myles Gray Crystal Infused Room Spray Lychee Guava Sorbet 200ml","0","63246","NO"
"Myles","UN - MYG69","Myles Gray Crystal Infused Room Spray Pride Raspberry Vanilla 200ml","0","63247","NO"
"Amazing","UN - AO72","Amazing Oils Magnesium Recovery Bath Flakes 2kg","0","10728","NO"
"Amazing","UN - AO14","Amazing Oils Baby Calm Gel Roll On 20ml","0","32602","NO"
"Amazing","UN - AO24","Amazing Oils Magnesium Gel + Msm Natural Relief Roll On 60ml","0","32606","NO"
"Amazing","UN - AO70","Amazing Oils Magnesium Active Spray 125ml","0","53319","NO"
"Amazing","UN - AO71","Amazing Oils Magnesium Active Bath Flakes 800g","0","53320","NO"
"Amazing","UN - AO61","Amazing Oils Magnesium Sleep Lotion With Lavender & Chamomile 60ml","0","62131","NO"
"Amazing","UN - AO73","Amazing Oils Magnesium Active Roll-On Gel w Arnica, Wintergreen & Menthol 60ml","0","62132","NO"
"Amazing","UN - AO91","Amazing Oils Magnesium Flex Bath Flakes Magnesium Chloride & MSM 800g","0","62136","NO"
"Amazing","UN - AO92","Amazing Oils Magnesium Flex Bath Flakes Magnesium Chloride & MSM 2kg","0","62137","NO"
"Ever","UN - PM61","Ever Eco Bamboo Cutlery Set","0","11922","NO"
"Ever","UN - PM150","Ever Eco Reusable Silicone Food Pouch 1 x 4L","0","33457","NO"
"Ever","UN - PM18","Ever Eco Bubble Tea Straw Kit Straight Stainless Steel + Cleaning Brush x 1","0","33464","NO"
"Ever","UN - PM47","Ever Eco Bubble Tea Straw Kit Straight Rose Gold + Cleaning Brush x 1","0","33466","NO"
"Ever","UN - PM64","Ever Eco Bamboo Spork x 1","0","33468","NO"
"Ever","UN - PM65","Ever Eco Bamboo Cutlery Set With Chopsticks x 1","0","33469","NO"
"Ever","UN - PM79","Ever Eco Insulated Tumbler Marigold 592ml","0","54502","NO"
"Ever","UN - PM253","Ever Eco Insulated Stainless Steel Bottle Rise Sip Lid 350ml","0","63442","NO"
"Ever","UN - PM254","Ever Eco Insulated Stainless Steel Bottle Balance Sip Lid 350ml","0","63443","NO"
"Planet","UN - LUX01","Planet Luxe Laundry Liquid Lemon Myrtle Blend 1L","0","20151","NO"
"Planet","UN - LUX02","Planet Luxe Floor Cleaner Rose Geranium Blend 1L","0","20152","NO"
"Planet","UN - LUX05","Planet Luxe House Cleaner Lemon Myrtle Blend 500ml","0","20155","NO"
"Planet","UN - LUX06","Planet Luxe Dish Wash Lemon Myrtle Blend 500ml","0","20156","NO"
"Planet","UN - LUX07","Planet Luxe Freshen Up Spray Lavender Blend 200ml","0","20598","NO"
"Planet","UN - LUX23","Planet Luxe Hand Wash Orange Pearl Blend 500ml","0","33202","NO"
"Planet","UN - LUX24","Planet Luxe Body Wash Orange Pearl Blend 500ml","0","33203","NO"
"Planet","UN - LUX40","Planet Luxe Hand Sanitizer Cedarwood, Ylang Ylang & Clary Sage 50ml","0","33204","NO"
"Planet","UN - LUX41","Planet Luxe Hand Sanitizer Lavender, Bergamot & Geranium 50ml","0","33205","NO"
"Huskee","UN - HK01","Huskee Reusable Coffee Cup Charcoal 6oz 177ml","0","33033","NO"
"Huskee","UN - HK02","Huskee Reusable Coffee Cup Natural 6oz 177ml","0","33034","NO"
"Huskee","UN - HK03","Huskee Reusable Coffee Cup Charcoal 8oz 236ml","0","33035","NO"
"Huskee","UN - HK04","Huskee Reusable Coffee Cup Natural 8oz 236ml","0","33036","NO"
"Huskee","UN - HK05","Huskee Reusable Coffee Cup Charcoal 12oz 354ml","0","33037","NO"
"Huskee","UN - HK06","Huskee Reusable Coffee Cup Natural 12oz 354ml","0","33038","NO"
"Huskee","UN - HK07","Huskee Reusable Coffee Cup Charcoal 16oz 473ml","0","53743","NO"
"Huskee","UN - HK08","Huskee Reusable Coffee Cup Natural 16oz 473ml","0","53745","NO"
"Koja","UN - KJ02","Koja Natural Peanut Butter Bars Peanut Caramel 16x30g","0","53805","NO"
"Koja","UN - KJ20","Koja Oat Bar Cacao 12x60g","0","53807","NO"
"Koja","UN - KJ21","Koja Oat Bar Cinnamon & Raisin 12x60g","0","53809","NO"
"Koja","UN - KJ22","Koja Oat Bar Dark Choc Chip 12x60g","0","53811","NO"
"Koja","UN - KJ23","Koja Oat Bar Lemon & Coconut 12x60g","0","53813","NO"
"Koja","UN - KJ24","Koja Oat Bar Maple 12x60g","0","53815","NO"
"Koja","UN - KJ25","Koja Almond Bar Apple Spice 12x45g","0","53817","NO"
"Koja","UN - KJ26","Koja Almond Bar Berry & Coconut 12x45g","0","53819","NO"
"Porter","UN - PGC05","Porter Green Ciss Silicone Coasters Set Sorrento x 4","0","54402","NO"
"Porter","UN - PGC04","Porter Green Ciss Silicone Coasters Set Prestwick x 4","0","54400","NO"
"Porter","UN - PGC01","Porter Green Ciss Silicone Coasters Set Antibes x 4","0","54396","NO"
"Porter","UN - PGC02","Porter Green Ciss Silicone Coasters Set Safi x 4","0","54398","NO"
"Porter","UN - PGC06","Porter Green Ciss Silicone Coasters Set Canterbury x 4","0","54404","NO"
"Porter","UN - PGC07","Porter Green Ciss Silicone Coasters Set Leith x 4","0","54406","NO"
"Porter","UN - PGC08","Porter Green Ciss Silicone Coasters Set Pretoria x 4","0","54408","NO"
"Porter","UN - PGC09","Porter Green Ciss Silicone Coasters Set Mansoursa x 4","0","54410","NO"
"Stuff","UN - STF01","Stuff Face Wash Aloe, Charcoal and Almond Oil 125ml","0","54549","NO"
"Stuff","UN - STF03","Stuff Shaving Gel Aloe Vera, Green Tea and Ginseng 100ml","0","54553","NO"
"Stuff","UN - STF04","Stuff Daily Face Moisturiser Aloe, Almond Oil and Patchouli Oil 100ml","0","54555","NO"
"Stuff","UN - STF10","Stuff Shampoo and Body Wash Cedar and Spice 240ml","0","54557","NO"
"Stuff","UN - STF11","Stuff Shampoo and Body Wash Spearmint and Pine 240ml","0","54559","NO"
"Stuff","UN - STF20","Stuff Roll-On Deodorant Cedar and Spice 50ml","0","54561","NO"
"Stuff","UN - STF21","Stuff Roll-On Deodorant Spearmint and Pine 50ml","0","54563","NO"
"Stuff","UN - STF05","Stuff That Matters Face Moisturiser Lightweight SPF50+ 70ml","0","63718","NO"
"Noble","UN - JK02","Noble Jerky Vegan Jerky Chipotle 70g","0","19353","NO"
"Noble","UN - JK03","Noble Jerky Vegan Jerky Sweet Bbq 70g","0","19354","NO"
"Noble","UN - JK05","Noble Jerky Vegan Jerky Sticky Hickory 70g","0","31361","NO"
"Noble","UN - JK04","Noble Jerky Vegan Jerky Teriyaki 70g","0","53787","NO"
"Noble","UN - JK06","Noble Jerky Vegan Jerky Smokehouse 70g","0","53789","NO"
"Noble","UN - JK07","Noble Jerky Vegan Jerky Sweet Sesame 70g","0","53791","NO"
"Noble","UN - JK08","Noble Jerky Vegan Jerky Sriracha 70g","0","53793","NO"
"Blue","UN - BD42","Blue Dinosaur Bite Chocolate Brownie Box Of 18 18 x 30g","0","23754","NO"
"Blue","UN - BD43","Blue Dinosaur Bite White Chocolate Box Of 18 18 x 30g","0","23755","NO"
"Blue","UN - BD26","Blue Dinosaur Hand-Baked Bar Cheesecake Base 12 x 45g","0","62141","NO"
"Blue","UN - BD27","Blue Dinosaur Hand-Baked Bar Cinnamon Scroll 12 x 45g","0","62142","NO"
"Blue","UN - BD41","Blue Dinosaur Hand-Baked Bite Cheesecake Base 18 x 30g","0","62144","NO"
"Blue","UN - BD50","Blue Dinosaur Hand-Baked Energy Bar Caramel Choc Chunk 12 x 45g","0","62145","NO"
"Blue","UN - BD51","Blue Dinosaur Hand-Baked Energy Bar Mylk Choc Chunk 12 x 45g","0","62146","NO"
"Ecyo","UN - ECY10","Ecyo Cleaning Pods Mixed Box 5 x 60ml","0","53467","NO"
"Ecyo","UN - ECY11","Ecyo Cleaning Pods Antibacterial 5 x 60ml","0","53469","NO"
"Ecyo","UN - ECY12","Ecyo Cleaning Pods Multipurpose 5 x 60ml","0","53471","NO"
"Ecyo","UN - ECY13","Ecyo Cleaning Pods Bathroom 5 x 60ml","0","53473","NO"
"Ecyo","UN - ECY14","Ecyo Cleaning Pods Kitchen Degreaser 5 x 60ml","0","53475","NO"
"Ecyo","UN - ECY15","Ecyo Cleaning Pods Hard Floor 5 x 60ml","0","53477","NO"
"Ecyo","UN - ECY16","Ecyo Cleaning Pods Window 5x60ml","0","53479","NO"
"Imuni","UN - IMU01","Imuni Immune Defence - Quercetin, Vitamin D3 & C, Zinc","0","53773","NO"
"Imuni","UN - IMU02","Imuni Vegan Complete 30 Caps","0","53775","NO"
"Imuni","UN - IMU03","Imuni Specialised Probiotics+ 30 Caps","0","53777","NO"
"Imuni","UN - IMU04","Imuni Specialised Probiotics+ 60 Caps","0","53779","NO"
"Imuni","UN  - IMU05","Imuni Sleep + Mind Balance 60 Caps","0","53781","NO"
"Imuni","UN - IMU06","Imuni Magnesium Citrate 100g","0","53783","NO"
"Imuni","UN - IMU07","Imuni Vital D3 8ml","0","53785","NO"
"Carob","UN - CRF23","Carob Farm Carob Koala Lamington 50 x 15g","0","62364","NO"
"Carob","UN - CRF24","Carob Farm Carob Koala 100's & 1000's 50 x 15g","0","62365","NO"
"Carob","UN - CRF30","Carob Farm Carob Block Original 12 x 95g","0","62366","NO"
"Carob","UN - CRF31","Carob Farm Carob Block Honeycomb 12 x 95g","0","62367","NO"
"Carob","UN - CRF32","Carob Farm Carob Block Salted Caramel 12 x 95g","0","62368","NO"
"Carob","UN - CRF33","Carob Farm Carob Block Lamington 12 x 95g","0","62369","NO"
"Carob","UN - CRF34","Carob Farm Carob Block 100's & 1000's 12 x 95g","0","62370","NO"
"Power","UN - CP14","Power Super Foods Cacao Powder Certified Organic Raw 1kg","0","2176","NO"
"Power","UN - CP15","Power Super Foods Cacao Butter Chunks 1 kg","0","2177","NO"
"Power","UN - BP21","Power Super Foods Maqui Powder 50g","0","2184","NO"
"Power","UN - MC24","Power Super Foods Gelatinised Maca ""The Origin Series"" 500g","0","54185","NO"
"Power","UN - PW05","Power Super Foods Lucuma Cacao Nibs ""The Origin Series"" 200g","0","54521","NO"
"Power","UN - PW08","Power Super Foods Crumbled Tigernuts ""The Origin Series"" 250g","0","54527","NO"
"Niugini","UN - NG03","Niugini Organics Virgin Coconut Oil 320ml","0","9302","NO"
"Niugini","UN - NG27","Niugini Organics Virgin Coconut Oil Soap (unboxed) Lemongrass 24x125g","0","54315","NO"
"Niugini","UN - NG28","Niugini Organics Virgin Coconut Oil Soap (unboxed) Patchouli 24x125g","0","54316","NO"
"Niugini","UN - NG29","Niugini Organics Virgin Coconut Oil Soap (unboxed) Tea Tree 24x125g","0","54318","NO"
"Niugini","UN - NG26","Niugini Organics Virgin Coconut Oil Soap (Unboxed) Lavender 24x125g","0","54833","NO"
"Niugini","UN - NG25","Niugini Organics Virgin Coconut Oil Soap (unboxed) Pure (Unscented) 24 x 125g","0","54834","NO"
"Dr","UN - DU06","Dr Tung's Refill Heads 2","0","9824","NO"
"Dr","UN - DU10","Dr Tung's Toothbrush Protection Kids 2","0","29176","NO"
"Dr","UN - DS14","Dr Superfoods Roasted Almonds Amber Chocolate 125g","0","32797","NO"
"Dr","UN - DS15","Dr Superfoods Roasted Hazelnuts Amber Chocolate 125g","0","32798","NO"
"Dr","UN - DU20","Dr Tung's Herbal Tooth Powder Tabs Spearmint 100 Tabs","0","62467","NO"
"Dr","UN - DU21","Dr Tung's Herbal Tooth Powder Tabs Mint-Free 100 Tabs","0","62468","NO"
"Lunette","UN - LN32","Lunette Reusable Menstrual Cup Blue Model 2 For Normal to Heavy Flow x 1","0","33191","NO"
"Lunette","UN - LN31","Lunette Reusable Menstrual Cup Blue Model 1 For Light to Normal Flow x 1","0","33190","NO"
"Lunette","UN - LN33","Lunette Reusable Menstrual Cup Orange Colour For Light to Normal Flow x 1","0","33192","NO"
"Lunette","UN - LN34","Lunette Reusable Menstrual Cup Orange Model 2 For Normal to Heavy Flow x 1","0","33193","NO"
"Lunette","UN - LN35","Lunette Reusable Menstrual Cup Yellow Colour For Light to Normal Flow x 1","0","33194","NO"
"Lunette","UN - LN36","Lunette Reusable Menstrual Cup Yellow Model 2 For Normal to Heavy Flow x 1","0","33195","NO"
"Grass","UN - GRA23","Grass Roots Organic Hemp Protein Powder 350g","0","53717","NO"
"Grass","UN - GRA24","Grass Roots Australian Hemp Protein Powder 350g","0","53719","NO"
"Grass","UN - GRA30","Grass Roots Organic Cacao Powder 250g","0","53721","NO"
"Grass","UN - GRA31","Grass Roots Organic Cacao Powder 500g","0","53723","NO"
"Grass","UN - GRA40","Grass Roots Organic Green Leaf Stevia Powder 250g","0","53725","NO"
"Grass","UN - GRA02","Grass Roots Australian Hemp Seed Oil 250ml","0","62746","NO"
"Nelson","UN - NEL01","Nelson Naturals INC. Crush & Brush Toothpaste Tablets Mint 60g","0","33331","NO"
"Nelson","UN - NEL02","Nelson Naturals INC. Crush & Brush Toothpaste Tablets Mint Charcoal 60g","0","33332","NO"
"Nelson","UN - NEL03","Nelson Naturals Inc. Activated Charcoal Toothpaste Peppermint 93g","0","33333","NO"
"Nelson","UN - NEL04","Nelson Naturals INC. Zero Waste Toothpaste Spearmint 93g","0","33334","NO"
"Nelson","UN - NEL05","Nelson Naturals INC. Zero Waste Toothpaste Citrus Spice Blend 93g","0","33335","NO"
"Love Children","UN - AL56","Love Children's Bracelet/Anklet Honey By Amber","0","5892","NO"
"Love Children","UN - AL57","Love Children's Bracelet/Anklet Mixed By Amber","0","5893","NO"
"Love Children","UN - AL58","Love Children's Bracelet/Anklet Olive By Amber","0","5894","NO"
"Love Children","UN - AL59","Love Children's Bracelet/Anklet Rainbow By Amber","0","5895","NO"
"Kintra","UN - KR72","Kintra Foods Tulsi Sleepy Tea Bags x 25","0","33165","NO"
"Kintra","UN - KR70","Kintra Foods Tulsi Original Tea Bags x 25","0","33163","NO"
"Kintra","UN - KR71","Kintra Foods Tulsi Gut Tea Bags x 25","0","33164","NO"
"Kintra","UN - KR49DATE","Kintra Foods Herbal Tea Bags French Earl Grey 25pk","0","63003","NO"
"Creative","UN - CRN01","Creative Nature Gnawbles Bites Creeamy M*lk Chocolate 15x30g","0","53435","NO"
"Creative","UN - CRN02","Creative Nature Gnawbles Bites Cheeky Choc Hazelnot 15x30g","0","53437","NO"
"Creative","UN - CRN03","Creative Nature Gnawbles Bites Super Salted Caramel 15x30g","0","53439","NO"
"Creative","UN - CRN10","Creative Nature Gnawbles Bites Creeamy M*lk Chocolate 6x75g","0","53441","NO"
"Martin","UN  - MP30","Martin & Pleasance Ki Allergy & Hayfever Control 30 Tablets","0","54226","NO"
"Martin","UN - VG26","Martin & Pleasance Vital Iron Vegecaps 60Tabs","0","54663","NO"
"Martin","UN - VG27","Martin & Pleasance Vital Vitamin D Vegecaps 60Tabs","0","54665","NO"
"Martin","UN - VG28","Martin & Pleasance Vital Calcium Vegecaps 60Tabs","0","54667","NO"
"Switch","UN - SWN200","Switch Nutrition Shaker Black 700ml","0","63818","NO"
"Switch","UN - SWN203","Switch Nutrition Whiz Stick Electric Mixer Purple ","0","63821","NO"
"Switch","UN - SWN34","Switch Nutrition Vitality Revitalising Greens Powder Strawberry Kiwi 150g","0","63848","NO"
"Switch","UN - SWN60","Switch Nutrition Power Performance Energy Blend Mango Pineapple 165g","0","63855","NO"
"Lemon Myrtle","UN - LM03","Lemon Myrtle Fragrances Lemon Myrtle Conditioner 200ml","0","1618","NO"
"Lemon Myrtle","UN - LM02","Lemon Myrtle Fragrances Lemon Myrtle Shampoo 200ml","0","1619","NO"
"Lemon Myrtle","UN - LM50","Lemon Myrtle Fragrances Dog Shampoo 500ml","0","53906","NO"
"Pure Food","UN - PF60","Pure Food Essentials Buckwheat Flour 500g","0","2244","NO"
"Pure Food","UN - PF02","Pure Food Essentials Chilli Powder 80g","0","2253","NO"
"Pure Food","UN - PF23","Pure Food Essentials Turmeric Plus Dietary Supplement 100ml","0","33380","NO"
"Every","UN - EV19","Every Bit Organic Raw Tamanu Oil 50ml","0","9887","NO"
"Every","UN - EV25","Every Bit Organic Raw Coconut Oil Certified Organic 325g","0","53597","NO"
"Every","UN - EV46","Every Bit Organic Raw Crack'd Whole Peanut Butter 250g","0","53609","NO"
"Enviro","UN - ER13","Enviro Products Drink Bottle Eastar BPA Free Matte Black 2.2L","0","23789","NO"
"Enviro","UN - ER16","Enviro Products Drink Bottle Eastar BPA Free Blush Frosted 2.2L","0","53512","NO"
"Enviro","UN - ER17","Enviro Products Drink Bottle Eastar BPA Free Turquoise Frosted 2.2L","0","53513","NO"
"Naked","UN - NAK11","Naked Paleo Keto Bars Chocolate Chip Cookie Dough 15 x 40g","0","32121","NO"
"Naked","UN - NAK12","Naked Paleo Keto Bars Peanut Butter Chocolate 15 x 40g","0","32122","NO"
"Naked","UN - NAK13","Naked Paleo Keto Bars Double Choc Brownie 15x40g","0","54303","NO"
"Ethical","UN - ETH02","Ethical Zinc Daily Wear Light Sunscreen Spf 50+ 100g","0","32844","NO"
"Ethical","UN - ETH03","Ethical Zinc Daily Wear Tinted Facial Sunscreen Light Tint SPF 50+ 100g","0","62557","NO"
"Ethical","UN - ETH04","Ethical Zinc Daily Wear Tinted Facial Sunscreen Dark Tint SPF 50+ 100g","0","62558","NO"
"Supercharged","UN - SF37","Supercharged Food Earth & Sea Beauty Capsules Silica + Iodine & Iron x 60","0","34182","NO"
"Supercharged","UN - SF39","Supercharged Food Negative Ion Candle Lemongrass & Lime","0","34184","NO"
"Supercharged","UN - SF40","Supercharged Food Negative Ion Candle Coconut & Vanilla x 1","0","54546","NO"
"Fijikava","UN - FJK02","Fijikava Noble Calm Vegan Capsules 30 Caps","0","53681","NO"
"Fijikava","UN - FJK01","Fijikava Noble Kava Vegan Capsules 30 Caps","0","53679","NO"
"Fijikava","UN - FJK03","Fijikava Noble Sleep Vegan Capsules 30 caps","0","53683","NO"
"Koala","UN - KC33","Koala Eco Laundry Liquid Lemon Scented Eucalyptus & Rosemary 500ml","0","53801","NO"
"Koala","UN - KC35","Koala Eco Laundry Delicate Wash Rosalina 500ml","0","62990","NO"
"Koala","UN - KC53","Koala Eco Gift Pack Clean & Safe Sanitiser, H/Wash, Fruit Veg Wash 3pk","0","62999","NO"
"Organic","UN - TUL01","Organic Goodness Natural Soy Wax Candle Patchouli Vanilla 200g","0","54629","NO"
"Organic","UN - TUL02","Organic Goodness Natural Soy Wax Candle Madurai Jasmine 200g","0","54631","NO"
"Organic","UN - TUL03","Organic Goodness Natural Soy Wax Candle Mysore Chandan Sandalwood 200g","0","54633","NO"
"Keto","UN - BJ71","Keto Naturals Crispy Cauli Barbecue Bites 8 x 27g","0","62206","NO"
"Keto","UN - BJ72","Keto Naturals Crispy Cauli Garlic & Herb Bites 8 x 27g","0","62207","NO"
"Keto","UN - BJ82","Keto Naturals Cookies Vanilla 8 x 64g","0","62210","NO"
"Dayly","UN - DAY01","Dayly Gut Health Powder Superfruits 153g","0","62382","NO"
"Dayly","UN - DAY02","Dayly Gut Health Powder Natural 153g","0","62383","NO"
"Dayly","UN - DAY03","Dayly Gut Health Powder Salted Caramel 153g","0","62384","NO"
"Ora","UN - ORA14","Ora Health Bright Mind Complex 60 Caps","0","63328","NO"
"Ora","UN - ORA20","Ora Health Clean Omega D 60 Caps","0","63331","NO"
"Ora","UN - ORA22","Ora Health Curcumin BioComplex 60 Caps","0","63332","NO"
"Bioastin","UN - BS22","Bioastin Astaxanthin 12mg 50 gel capsules","0","731","NO"
"Bioastin","UN - BS24","Bioastin Hawaiian Astaxanthin Vegan 12mg 50 capsules","0","9807","NO"
"Rosehip","UN - RV21","Rosehip Plus Rosehip Oil 30ml","0","2284","NO"
"Rosehip","UN - RV22","Rosehip Plus Rosehip Oil 50ml","0","2285","NO"
"Vanilla","UN - PT91","Vanilla Sprouted Brown Rice Protein 500g Protein Supplies Australia","0","6172","NO"
"Vanilla","UN - PT70","Vanilla Bean WPI 3kg Protein Supplies Australia","0","7895","NO"
"BioPro","UN - PT86","BioPro Chocolate Hazelnut Brown Rice Protein 1kg by Protein Supplies Australia","0","6362","NO"
"BioPro","UN - PT92","BioPro Vanilla Cinnamon Brown Rice Protein 1kg by Protein Supplies Australia","0","6363","NO"
"2Die4","UN - DF12","2Die4 Live Foods Activated Mixed Nuts 300g","0","8794","NO"
"2Die4","UN - DF42","2Die4 Live Foods Activated Organic Muesli 1kg","0","10702","NO"
"Stainless","UN - CH152","Stainless Steel Bottle Matte Black 1L Cheeki","0","11116","NO"
"Stainless","UN - CH154","Stainless Steel Bottle Silver 1L Cheeki","0","11118","NO"
"Simply","UN - SP09","Simply Gentle 3 In 1 Cosmetic Wipe 25","0","11962","NO"
"Simply","UN - SP10","Simply Gentle Cotton Cloths 30","0","11963","NO"
"Essential","UN - HM41","Essential Hemp 100 capsules of Hemp Seed Oil","0","20050","NO"
"Essential","UN - HM42","Essential Hemp 100 capsules of Hemp Seed Oil with Turmeric","0","20051","NO"
"Your","UN - YR01","Your Tea Chinese Herbal Blend Tea Bags 1 Week Program Antioxidant 14","0","31760","NO"
"Your","UN - YR04","Your Tea Chinese Herbal Blend Tea Bags 1 Week Program Happy 14","0","31810","NO"
"Very","UN - VV01","Very Vanilla Vanilla Paste 100% Australian 50g","0","33668","NO"
"Very","UN - VV02","Very Vanilla Vanilla Extract 100% Australian 60ml","0","33669","NO"
"Australian","UN - ANS171","Australian Natural Soap Co Hand & Body Everyday Luxury Lavender 100g","0","61845","NO"
"Australian","UN - ANS181","Australian Natural Soap Co Hand & Body Australian Bush Soap Wattle Seed 100g","0","61846","NO"
"Strap","UN - PAT21","Strap Rigid Bamboo Body Tape Black 5cm x 5metre Roll x 3","0","54354","NO"
"Strap","UN - PAT22","Strap Rigid Bamboo Body Tape Natural 5cm x 5metre Roll x 3","0","54356","NO"
"Wheatbags","UN - WBL38","Wheatbags Love Eye Mask - Luxe Linen Slate x 1","0","54717","NO"
"Wheatbags","UN - WBL41","Wheatbags Love Eye Mask - Luxe Linen Copper x 1","0","54723","NO"
"Pimp","UN - EF61","Pimp My Snack Super Seeds Clusters 12 x 40g","0","62500","NO"
"Pimp","UN - EF65","Pimp My Snack Maple Cinnamon Seeds Clusters 12 x 40g","0","62502","NO"
"Nature's","UN - NTR05","Nature's Help Meno Sleep Night Formula 60 Caps","0","63274","NO"
"Nature's","UN - NTR12","Nature's Help Meno Femin Libido and Body Health Capsules 60 Caps","0","63277","NO"
"Nutry","UN - NTY02","Nutry Nuts Protein Hazelnut Butter Cups Double Choc 12 x 42g","0","63282","NO"
"Nutry","UN - NTY01","Nutry Nuts Protein Peanut Butter Cups Milk Chocolate 12 x 42g","0","63281","NO"
"Ocean's","UN - OCH13","Ocean's Halo Organic Purple Spring Roll Rice Wraps 10 sheets 120g","0","63315","NO"
"Ocean's","UN - OCH15","Ocean's Halo Organic Spring Roll Rice Wraps 10 sheets 120g","0","63316","NO"
"Thrive","UN - THR24","Thrive Tallow Tallow Based Body Butter 70ml","0","63891","NO"
"Thrive","UN - THR26","Thrive Tallow Aloe & Tallow After Sun Balm 160ml","0","63892","NO"
"Everyday","UN - EH12","Everyday Unscented Body Lotion 950ml","0","1263","NO"
"2Chic","UN - GK06","2Chic Brazilian Keratin & Argan Oil Hair & Body Lotion 53ml","0","1325","NO"
"Gold","UN - GH21","Gold Mine Kelp Noodles 454g","0","1395","NO"
"Regular","UN - NT05","Regular Ultra Wings Pads 14 Pads By Natracare","0","1719","NO"
"Bio","UN - BU04","Bio Spark Vitamin C Powder 200g By Nts Health","0","1888","NO"
"Silver","UN - SQ01","Silver Gel 60ml By Sakura Health Colloidal","0","2299","NO"
"Calming","UN - YT41","Calming Tea Bags 16 Bags By Yogi Tea - ON SALE BB 11/09/25","0","2543","NO"
"Yogi","UN - YT68","Yogi Tea Berry Detox Tea Bags 16 Bags","0","2562","NO"
"Baby","UN - SP08","Baby Cleansing Pads 60 By Simply Gentle","0","6193","NO"
"Cinnanom","UN - RE25","Cinnanom Toothpaste 113gr By Redmond Earthpaste","0","7861","NO"
"Storage/Rinse","UN - JJ34","Storage/Rinse Cup Bunny Jack N' Jill","0","7705","NO"
"Goldenberries","UN - BP05","Goldenberries 125gr By Power Super Foods","0","7838","NO"
"Bamboo","UN - ZM02","Bamboo Whisk 1 By Zen Green Tea","0","9231","NO"
"Jojoba","UN - JC08","Jojoba Company Jojoba Oil + Rosehip Oil 30ml","0","10450","NO"
"Deep","UN - DC203","Deep Pore Charcoal Mask Skin Clear Organic Tea Tree 100ml Dr Organic (Green)","0","11000","NO"
"B.Kirkpatrick","UN - PC49","B.Kirkpatrick & A.Johnstone Book Healthy Hormones","0","11900","NO"
"Solutions","UN - SM07","Solutions 4 Health Oregano Oil 12 Caps","0","11961","NO"
"Chico","UN - CB11","Chico Bag Reusable Shop Bag Original x 10","0","19237","NO"
"Ancient","UN - AT30","Ancient Minerals Inflatable Magnesium Footbath Kit With Magnesium Bath Flakes","0","19846","NO"
"Desert","UN - DCF01","Desert Island Confectionery Kresho Bar Chocolate Covered Almond Nougat 45g x 24","0","20064","NO"
"ZUII","UN - ZU03","ZUII ORGANIC Antibacterial Foam Hand Wash With Ionic Silver 200ml","0","20135","NO"
"Zuii","UN - ZU02","Zuii Organic Ionic Silver Alcohol Sanitising Gel 90ml","0","20136","NO"
"Bug","UN - BG58","Bug Grrr Off Eucyl Hand Sanitiser Gel With Eucalyptus 250ml","0","29128","NO"
"Twist","UN - TWT04","Twist Scour Pads Plant Based Scour Pads 2","0","29163","NO"
"That","UN - RD11","That Red House Chunky Block Dishwashing Soap Lemon Myrtle 140g","0","31363","NO"
"Melrose","UN - MEL105","Melrose Essential Greens Powder Organic 120g","0","32118","NO"
"Freshpaper","UN - FRE01","Freshpaper Natural Food Saver Sheets Bread & Baked Goods x 4","0","32939","NO"
"ETHIQUE","UN - ETQ222","ETHIQUE Refreshing Bodywash Concentrate Zest 50g","0","32855","NO"
"Nuilife","UN - NL83","Nuilife Organic MCT+ Power Powder Natural Unflavoured 400g","0","33344","NO"
"Gel","UN - DC324","Gel Face Mask Organic Guava 50ml Dr Organic","0","33734","NO"
"Health","UN - KF03","Health 2U Kung Fu'd The Master's Cuppa 200g","0","34120","NO"
"P'ure","UN - PY19","P'ure Papayacare Papaya Glow Face Oil 20ml","0","34171","NO"
"ALTER","UN - AE76","ALTER ECO Chocolate (Organic) Assorted Truffles 60x12g","0","53294","NO"
"Amala","UN - AML02","Amala Magic Wet or Dry Cloth 100% Biodegradable x3","0","53301","NO"
"THE","UN - ANS71","THE AUST. NATURAL SOAP CO Trip Around Australia Gift Pack x3","0","53303","NO"
"AMAZING","UN - AO40","AMAZING OILS Prevents Magnesium Deficiency Sensitive Spray 125ml","0","53314","NO"
"Buddha","UN - BTE11","Buddha Teas Organic Herbal Tea Bags Cold Weather Defense Blend x18","0","53385","NO"
"Apple","UN - DK06","Apple Green Duck Reusable Shopping Bag String Mixed Design x 10","0","53463","NO"
"Funky","UN - FUN02","Funky Sock Co Bamboo Socks Cactus 2.0 x1","0","53685","NO"
"Pbco.","UN - PE51","Pbco. Oat & Raisin Cookie Mix No Sugar Added 350g","0","54364","NO"
"Lotus","UN - 118","Lotus Polenta 500g K","0","61825","NO"
"Hab","UN - HA15","Hab Shifa ImmuneQ Junior Orange Flavour Chewable Tablets 60 Tabs","0","62765","NO"
"Hemp","UN - HM55","Hemp Foods Australia Protein Seed Mix 5 x 200g","0","62881","NO"
"Mindful","UN - MDF110","Mindful Foods Lemon Balm Organic 20g","0","63096","NO"
"Mt.","UN - MTL23","Mt. Elephant Wholefood Blondie Mix Choc Chunk 350g","0","63219","NO"
"Next","UN - PET01","Next Generation Pet Foods Unreal Ear Low Fat Vegetarian Pet Treat ","0","63374","NO"
"Purely","UN - PPO11","Purely Potato Instant Mashed POT-TATO Cheesy Potato 56g","0","63478","NO"
"SALT","UN - SE31","SALT OF THE EARTH Acacia Wood Salt Box ","0","63624","NO"