Brand,SKU,Name,Barcode
Acure,UN - AR119,"Acure Brilliantly Brightening Eye Contour Gel 14.7ml",813424020253
Acure,UN - AR124,"Acure Brightening 2% Alpha Arbutin Serum 30ml",813424023803
Acure,UN - AR130,"Acure Radically Rejuvenating Witch Hazel Toner 59ml",813424022271
Acure,UN - AR141,"Acure Radically Rejuvenating Niacinamide Serum 30ml",813424023650
Acure,UN - AR142,"Acure Radically Rejuvenating Retinoid Night Complex 30ml",813424023797
Acure,UN - AR156,"Acure Seriously Soothing Cloud Cream 50ml",813424020994
Acure,UN - AR158,"Acure Seriously Soothing Jelly Milk Makeup Remover 118ml",813424023643
Acure,UN - AR159,"Acure Seriously Soothing Facial Cleansing Bar 113g",813424023544
Acure,UN - AR162,"Acure The Essentials Marula Oil 30ml",854049002392
Acure,UN - AR163,"Acure The Essentials Rosehip Oil 30ml",813424020123
Acure,UN - AR166,"Acure The Essentials Hemp Seed Oil 30ml",813424022240
Acure,UN - AR172,"Acure Incredibly Clear Acne Spot 14.7ml",813424020239
Acure,UN - AR174,"Acure Incredibly Clear Mattifying Moisturiser 50ml",854049002118
Acure,UN - AR175,"Acure Incredibly Clear Charcoal Lemonade Mask 50ml",813424022257
Acure,UN - AR176,"Acure Incredibly Clear Facial Cleansing Bar 113g",813424023209
Acure,UN - AR232,"Acure Deodorant Stick Fragrance Free 63g",813424021168
Acure,UN - AR250,"Acure Brightening Vitamin C Jelly Mask 30ml",813424023377
Acure,UN - AR251,"Acure Brightening Vitamin C Sunset Serum 30ml",813424022264
Acure,UN - AR252,"Acure Brightening Vitamin C Superfine Mist 59ml",813424022417
Acure,UN - AR311,"Acure Brightening Glow Lotion 236ml",813424022011
Acure,UN - AR312,"Acure Seriously Soothing Solid Serum 3in1 50ml",813424021564
Acure,UN - AR315,"Acure Radically Rejuvenating Marula & Rose Serum Stick 28g",813424022028
Acure,UN - AR316,"Acure Seriously Soothing Blue Tansy Serum Stick 28.34g",813424021557
Acure,UN - AR317,"Acure Coconut & Argan Shampoo Bar 140g",813424022684
Acure,UN - AR320,"Acure Unicorn Shimmer Shampoo 236ml",813424021618
Acure,UN - AR321,"ACURE Unicorn Shimmer Conditioner 236ml",813424021625
Acure,UN - AR323,"Acure Wave & Curl Colour Wellness Conditioner 236ml",813424021588
Acure,UN - AR324,"Acure Ionic Blonde Colour Wellness Shampoo 236ml",813424022608
Acure,UN - AR325,"Acure Ionic Blonde Colour Wellness Conditioner 236ml",813424022615
Acure,UN - AR342,"Acure Resurfacing Dewy All Day Moisturizer 30ml",813424022387
Acure,UN - AR343,"Acure Resurfacing Overnight Glycolic Treatment 30ml",813424022394
Acure,UN - AR344,"Acure Resurfacing Inter Gly Lactic Peel Pads 10 Pads",813424022691
Acure,UN - AR363,"Acure Ultra Hydrating Eye Cream 14.7ml",813424022462
Acure,UN - AR364,"Acure Ultra Hydrating Watermelon Seed Oil 30ml",813424022592
Alaffia,UN - AF01,"Alaffia African Black Soap Peppermint 476ml",187132002703
Alaffia,UN - AF02,"Alaffia African Black Soap Tangerine Citrus 476ml",187132002710
Alaffia,UN - AF03,"Alaffia African Black Soap Lavender Ylang Ylang 476ml",841320102759
Alaffia,UN - AF05,"Alaffia African Black Soap All-In-One Wild Lavender 476ml",841320102483
Alaffia,UN - AF21,"Alaffia Deodorant Coconut Reishi Bergamot & Charcoal 75g",841320104326
Alaffia,UN - AF22,"Alaffia Deodorant Coconut Reishi Lavender & Charcoal 75",841320104302
Alaffia,UN - AF24,"Alaffia Deodorant Coconut Reishi Coconut & Charcoal 75g",841320104333
Alaffia,UN - AF31,"Alaffia Deodorant Neem Turmeric Lemongrass & Charcoal 75g",841320104906
Alaffia,UN - AF32,"Alaffia Deodorant Neem Turmeric Mandarin & Charcoal 75g",841320104913
Alaffia,UN - EH03,"Alaffia Unscented Shampoo 950 ml",187132005247
Alaffia,UN - EH04,"Alaffia Lavender Conditioner 950ml",187132005216
Alaffia,UN - EH05,"Alaffia Vanilla Mint Conditioner 950ml",187132005230
Alaffia,UN - EH07,"Alaffia Lavender Body Wash 950 ml",187132005063
Alaffia,UN - EH08,"Alaffia Vanilla Mint Body Wash 950ml",187132005070
Alaffia,UN - EH10,"Alaffia Lavender Body Lotion 950ml",187132005018
Alaffia,UN - EH11,"Alaffia Vanilla Body Lotion 950ml",187132005025
Alaffia,UN - EH13,"Alaffia Coconut Shampoo Purely Coconut 950ml",187132007203
Alaffia,UN - EH14,"Alaffia Coconut Conditioner 950ml",187132007302
Alaffia,UN - EH16,"Alaffia Body Lotion Purely Coconut 950ml",187132007005
Alaffia,UN - EH17,"Alaffia Unscented Shea Butter 312g",187132005452
Alaffia,UN - EH21,"Alaffia Lip Balm Coconut Mint 4.25g",841320107723
Alaffia,UN - EH22,"Alaffia Lip Balm Coconut Pineapple 4.25g",841320107716
Alaffia,UN - EH23,"Alaffia Lip Balm Purely Coconut 4.25g",841320107709
Alaffia,UN - EH36,"Alaffia Kids Bubble Bath Eucalyptus Mint 950ml",187132005834
Alaffia,UN - EH37,"Alaffia Kids Bubble Bath Coconut Strawberry 950ml",841320107839
Alaffia,UN - EH38,"Alaffia Kids Bubble Bath Coconut Chamomile 950ml",841320107822
Alaffia,UN - EH39,"Alaffia Kids Bubble Bath Lemon Lavender 950ml",187132005827
Alaffia,UN - EH44,"Alaffia Body Lotion Coconut Lime 950ml",841320107013
Alaffia,UN - EH51,"Alaffia Shea Butter Passion Fruit 312g",187132005469
Alaffia,UN - EH60,"Alaffia Good Soap Hand Soap Lavender 355ml",841320105934
Alaffia,UN - EH61,"Alaffia Good Soap Hand Soap Eucalyptus Mint 355ml",841320105897
Alchemy Cordials,UN - AS08,"Alchemy Golden Turmeric Elixir 300ml",9320300025611
Alchemy Cordials,UN - AS11,"Alchemy Cordials Turmeric Unsweetened 300ml",9320300025789
Amazing Oils,UN - AO14,"Amazing Oils Baby Calm Gel Roll On 20ml",021808439595
Amazing Oils,UN - AO24,"Amazing Oils Magnesium Gel + Msm Natural Relief Roll On 60ml",9354150000412
Amazing Oils,UN - AO40,"AMAZING OILS Prevents Magnesium Deficiency Sensitive Spray 125ml",9354150000634
Amazing Oils,UN - AO61,"Amazing Oils Magnesium Sleep Lotion With Lavender & Chamomile 60ml",9354150000931
Amazing Oils,UN - AO70,"Amazing Oils Magnesium Active Spray 125ml",9354150000696
Amazing Oils,UN - AO71,"Amazing Oils Magnesium Active Bath Flakes 800g",9354150000719
Amazing Oils,UN - AO72,"Amazing Oils Magnesium Recovery Bath Flakes 2kg",711746538930
Amazing Oils,UN - AO73,"Amazing Oils Magnesium Active Roll-On Gel w Arnica  Wintergreen & Menthol 60ml",9354150000955
Amazing Oils,UN - AO91,"Amazing Oils Magnesium Flex Bath Flakes Magnesium Chloride & MSM 800g",9354150000849
Amazing Oils,UN - AO92,"Amazing Oils Magnesium Flex Bath Flakes Magnesium Chloride & MSM 2kg",9354150000863
Auromere,UN - AM06,"Auromere Neem Picks 100 Picks",027275350203
Bennetto,UN - BN15,"Bennetto Organic Dark Chocolate Amaranth & Sea Salt 13x100g",9421903370310
Bennetto,UN - BN16,"Bennetto Organic Dark Chocolate Raspberries In Dark 13x100g",9421903370327
Bennetto,UN - BN24,"Bennetto Organic Dark Chocolate Salted Caramel In Dark 14x100g",9421903370389
Bennetto,UN - BN25,"Bennetto Organic Dark Chocolate Exceptionally Dark 14x100g",9421903370433
Bennetto,UN - BN26,"Bennetto Organic Dark Chocolate Coffee in Madagascar 14x100g",9421903370440
Bennetto,UN - BN27,"Bennetto Organic Dark Chocolate Pistachios in Dark 14 x 100g",9421903370570
Bennetto,UN - BN96,"Bennetto Organic Dark Chocolate Dark Coffee 12 x 80g",9421903370686
Biotuff,UN - BTF23,"Biotuff Compostable Displayosable Gloves Medium 200",9349780000291
Biotuff,UN - BTF24,"Biotuff Compostable Displayosable Gloves Large 200",9349780000307
Biotuff,UN - BTF31,"Biotuff Nappy Waste Bags & Dispenser 4 x 10 Bag Rolls x40",9349780000321
Biotuff,UN - BTF32,"Biotuff Nappy Waste Bags Refill 4 x 10 Bag Rolls x40",9349780000314
Biotuff,UN - BTF40,"Biotuff Xtra Tuff Garden Waste Large Bags 54L x10",9349780000185
Biotuff,UN - BTF41,"Biotuff Xtra Tuff Multi-Purpose Large Bags 80L x5",9349780000192
Biotuff,UN - BTF42,"Biotuff Council Bin Liners Large Bags 140L x12",9349780000086
Biotuff,UN - BTF43,"Biotuff Council Bin Liners Large Bags 240L x12",9349780000093
Book,UN - PC44,"Book Elsa's Wholesome Life by Ellie Bullen x 1",9781925481433
Book,UN - PC52,"Book Quitting Plastic by C.Williams Roldan with L.Williams x 1",9781760528713
Book,UN - PC60,"Book A Family Guide to Waste Free Living by Lauren & Oberon Carter x 1",9781760783051
Bragg,UN - BR06,"Bragg Book ACV",9780877901006
Bragg,UN - BR09,"Bragg Healthy Lifestyle Book",9780877900085
Bragg,UN - BR13,"Bragg ACV & Honey Blend 473ml (dark bottle)",074305013164
Bragg,UN - BR34,"Bragg Salad Dressing Apple Cider Vinaigrette 354ml",074305035128
Buddha Teas,UN - BTE11,"Buddha Teas Organic Herbal Tea Bags Cold Weather Defense Blend x18",819005011498
Comvita,UN - CV52,"Comvita Medihoney Wound Gel Antibacterial 25g",9334922000093
Comvita,UN - CV60,"Comvita Bee Propolis Toothgel Gently Cleans Mild Mint 90g",9400501800450
Comvita,UN - CV61,"Comvita Bee Propolis Toothpaste Cleans and Polishes Freshmint 100g",9400501800443
Comvita,UN - CV62,"Comvita Bee Propolis Toothpaste White Teeth Spearmint 100g",9400501800467
Crystal Essence,UN - CY17,"Crystal Deodorant Stick Lavender & White Tea 70g",086449552751
Crystal Essence,UN - CY18,"Crystal Deodorant Stick Chamomile & Green Tea 70g",086449553758
Crystal Essence,UN - CY19,"Crystal Deodorant Stick Vanilla & Jasmine 70g",086449554755
Crystal Essence,UN - CY20,"Crystal Deodorant Stick Freshly Minted 70g",086449555752
Dr Organic,UN - DC16,"Dr Organic Lavender Shampoo 265ml",5060176671027
Dr Organic,UN - DC163,"Dr Organic Dead Sea Mineral Roll On Deodorant 50ml",5060176675322
Dr Organic,UN - DC17,"Dr Organic Lavender Conditioner 265ml.",5060176671201
Dr Organic,UN - DC226,"Dr Organic Skin Lotion Cocoa Butter 200ml",5060391843971
Dr Organic,UN - DC227,"Dr Organic Wonder Oil Cocoa Butter 150ml",5060391843810
Dr Organic,UN - DC229,"Dr Organic Day Cream Cocoa Butter 50ml",5060391843872
Dr Organic,UN - DC264,"Dr Organic Travel Size Body Wash Organic Rose Otto 75ml",5060176675650
Dr Organic,UN - DC281,"Dr Organic Body Scrub Organic Shea Butter 200ml",5060391845180
Dr Organic,UN - DC285,"Dr Organic Day Cream Organic Shea Butter 50ml",5060391845203
Dr Organic,UN - DC286,"Dr Organic Night Cream Organic Shea Butter 50ml",5060391845227
Dr Organic,UN - DC310,"Dr Organic Men's Hair & Body Wash Organic Ginseng 250ml",5060391846422
Dr Organic,UN - DC314,"Dr Organic Men's Hair Style Putty Organic Ginseng 75g",5060391846446
Dr Organic,UN - DC324,"Gel Face Mask Organic Guava 50ml Dr Organic",5060391846781
Dr Organic,UN - DC334,"Dr Organic Fragrance Free Skin Lotion Organic Calendula 200ml",5060391846927
Ecobud,UN - EQ27,"Ecobud Replacement Filter White Pete Evans' Little Penguin",9348692000283
Essential Hemp,UN - HM41,"Essential Hemp 100 capsules of Hemp Seed Oil",793591502588
Essential Hemp,UN - HM42,"Essential Hemp 100 capsules of Hemp Seed Oil with Turmeric",793591502595
Ethical Zinc,UN - ETH02,"Ethical Zinc Daily Wear Light Sunscreen Spf 50+ 100g",9354028000049
Ethical Zinc,UN - ETH03,"Ethical Zinc Daily Wear Tinted Facial Sunscreen Light Tint SPF 50+ 100g",9354028000117
Ethical Zinc,UN - ETH04,"Ethical Zinc Daily Wear Tinted Facial Sunscreen Dark Tint SPF 50+ 100g",9354028000131
Eucoclean,UN - EU12,"Eucoclean Antibacterial Hand Sanitiser Instant Hospital Strength 125ml",9344214000137
Eucoclean,UN - EU13,"Eucoclean Antibacterial Hand Sanitiser Instant Hospital Strength 5L",9344214000120
Giovanni,UN - GD11,"Giovanni Facial Prime & Setting Mist D:tox System 147ml",716237185846
Giovanni,UN - GD32,"Giovanni Conditioner 2chic D:tox 250ml",716237186089
Giovanni,UN - GK04,"Giovanni 2Chic Brazilian Keratin/Argan Oil Blow Out Styling Mist 118ml",716237183675
Giovanni,UN - GK52,"Giovanni 2Chic Ultra Luxurious Shampoo 44ml",716237185105
Giovanni,UN - GK64,"Giovanni 2Chic Pineapple & Ginger Hair Mask 150ml",716237185389
Giovanni,UN - GK65,"Giovanni 2Chic Pineapple & Ginger Anti Frizz Hair Serum 81ml",716237185419
Giovanni,UN - GK66,"Giovanni 3 in 1 Hair Revival Treatment Ultra Revive (Dry  Unruly Hair) 51ml",716237185822
Giovanni,UN - GK91,"Giovanni Shampoo 2chic Clarifying & Calming 250ml",716237187147
Giovanni,UN - GK93,"Giovanni Hair Mask 2chic Clarifying & Calming 51.75ml",716237187185
Giovanni,UN - GV201,"Giovanni Antibacterial Hand Sanitizer Alcohol Antiseptic 70% 59ml",716237187055
Giovanni,UN - GV25,"Giovanni Smooth As Silk Extreme Protein Hair Infusion 150ml",716237182289
Giovanni,UN - GV33,"Giovanni 50/50 Balanced Shampoo 1 Litre",716237180223
Giovanni,UN - GV36,"Giovanni 50/50 Balanced Conditioner 1 Litre",716237180254
Giovanni,UN - GV98,"Giovanni Hot Chocolate Sugar Scrub 260g",716237180759
Giovanni,UN - GW02,"Giovanni Wellness System Conditioner With Chinese Botanicals 250ml",716237182883
Grin,UN - GS15,"Grin Toothpaste Whitening 100g",9421903982100
Grin,UN - GS16,"Grin Toothpaste Kids Orange 70g",9421903982049
Grin,UN - GS19,"Grin Toothpaste Kids Strawberry Gel with Fluoride 45g",9421036300352
Grin,UN - GS33,"Grin Biodegradable Dental Floss Picks Adults x 45",9421905523097
Grin,UN - GS34,"Grin Biodegradable Dental Flossers Kid's x 45",9421905523103
Koala Eco,UN - KC33,"Koala Eco Laundry Liquid Lemon Scented Eucalyptus & Rosemary 500ml",9352471000630
Koala Eco,UN - KC35,"Koala Eco Laundry Delicate Wash Rosalina 500ml",9352471001125
Koala Eco,UN - KC53,"Koala Eco Gift Pack Clean & Safe Sanitiser  H/Wash  Fruit Veg Wash 3pk",9352471000555
Lakanto,UN - LAK30,"Lakanto Pancake Mix - Low Carb Protein Monkfruit Sweetener 200g",9349664003165
NatraCare,UN - NT04,"Natracare Night Time Pads 10 Pads",782126003041
NatraCare,UN - NT06,"Natracare Super Ultra Wings Pads 12 Pads",782126003089
NatraCare,UN - NT17DATE,"Natracare Maternity Pads 10pk",
NatraCare,UN - NT19,"Natracare Incontinence Pads 20 Pads",782126003508
NatraCare,UN - NT22,"Natracare Super Plus Ultra Pads 12 Pads",782126003119
NatraCare,UN - NT23,"Natracare Longr Ultra Wings Pads 10 Pads",782126003102
NatraCare,UN - NT32,"Natracare Panty Liners Long 16",782126003140
Nirvana,UN - NO31,"Nirvana Organics Herb Blend Grinder 90g",9338196000452
Nuilife,UN - NL73,"Niulife Coconut Shell Bowl Polished 1",9336318007136
Nuilife,UN - NL83,"Nuilife Organic MCT+ Power Powder Natural Unflavoured 400g",9336318007600
Nutribiotic,UN - NU25,"Nutribiotic Deodorant Tea Tree 75g",728177010805
Nutritionist Choice,UN - NR43,"Nutritionist Choice Instant Sea Vegetable Soup Pack 4x 20G",9342453000185
Organic Times,UN - OG36,"Organic Times Chocolate (Organic) Little Gems 500g",9338415002304
Organic Times,UN - OG56,"Organic Times Chocolate Gems 200g",9338415002007
Organic Times,UN - OG60,"Organic Times Cocoa Butter Buttons 200g",9338415002243
Pbco,UN - PE51,"Pbco. Oat & Raisin Cookie Mix No Sugar Added 350g",9351755001103
Pbco,UN - PE53,"PBCO Banana Oat Muffin Mix No Sugar Added 350g",9351755001066
Protein Supplies Australia,UN - PT08,"Protein Supplies Australia Whey Protein Concentrate (WPC) 3kg",6774452222221
Protein Supplies Australia,UN - PT09,"Protein Supplies Australia Whey Protein Isolate (WPI) 3kg",6774452222214
Protein Supplies Australia,UN - PT104,"Protein Supplies Australia Blood Orange BCAA 200g",9350181000643
Protein Supplies Australia,UN - PT106,"PROTEIN SUPPLIES AUST. Branched Chain Amino Acids Pine Coconut 200g",9350181000667
Protein Supplies Australia,UN - PT181,"PROTEIN SUPPLIES AUST. Restore Hydration Recovery Rasp Lemonade 16x10g",9350181001725
Protein Supplies Australia,UN - PT191,"Protein Supplies Australia WPI (Whey Protein Isolate) Chocolate Mint 1kg",9350181000933
Protein Supplies Australia,UN - PT192,"Protein Supplies Australia PeaPro (Raw Pea Protein) Chocolate Mint 500g",9350181000902
Protein Supplies Australia,UN - PT193,"Protein Supplies Australia PeaPro (Raw Pea Protein) Chocolate Mint 1kg",9350181000919
Protein Supplies Australia,UN - PT202,"Protein Supplies Australia Protein Water Tropical Punch 800g",9350181009950
Protein Supplies Australia,UN - PT210,"Protein Supplies Australia Protein Water Raspberry 300g",9350181009929
Protein Supplies Australia,UN - PT59,"PROTEIN SUPPLIES AUST. PeaPro (Raw Pea Protein) Vanilla Bean 3kg",9350181000384
Protein Supplies Australia,UN - PT60,"Protein Supplies Australia Raw Pure Pea Protein 3kg",8477756612467
Protein Supplies Australia,UN - PT69,"Protein Supplies Australia Chocolate Whey Protein Isolate (WPI) 3kg",9780201379877
Redmond Clay,UN - RE41,"Redmond CLAY Baby Powder Fragrance Free 85g",018788203322
Retrokitchen,UN - RK11,"Retrokitchen 100% Biodegradable Dishcloth Zebra x 1",9330768007265
Retrokitchen,UN - RK19,"Retrokitchen 100% Biodegradable Dishcloth Fish 1",9330768007517
Retrokitchen,UN - RK26,"Retrokitchen 100% Biodegradable Dishcloth Penguin 1",9330768007555
Retrokitchen,UN - RK27,"Retrokitchen 100% Biodegradable Dishcloth Poinciana Leaves 1",9330768007609
Retrokitchen,UN - RK29,"Retrokitchen 100% Biodegradable Dishcloth Seagulls 1",9330768007562
Retrokitchen,UN - RK31,"Retrokitchen Carry Your Cutlery Abstract Stainless Steel Cutlery Set x 1",9330768007388
Retrokitchen,UN - RK32,"Retrokitchen Carry Your Cutlery Botanical Stainless Steel Cutlery Set x 1",9330768007371
Retrokitchen,UN - RK34,"Retrokitchen Carry Your Cutlery Criss Cross Stainless Steel Cutlery Set x 1",9330768007395
Retrokitchen,UN - RK35,"Retrokitchen Carry Your Cutlery Dragonfly Stainless Steel Cutlery Set x 1",9330768007340
Retrokitchen,UN - RK36,"Retrokitchen Carry Your Cutlery Leaves Stainless Steel Cutlery Set x 1",9330768007364
Retrokitchen,UN - RK37,"Retrokitchen Carry Your Cutlery Palm Fronds Stainless Steel Cutlery Set x 1",9330768007715
Retrokitchen,UN - RK60,"Retrokitchen Compostable Sponge Cloth Blossom x 1",9330768007746
Retrokitchen,UN - RK61,"Retrokitchen Dishcloth Geo x 1",9330768007739
Retrokitchen,UN - RK63,"Retrokitchen Compostable Sponge Cloth Dragonfly x 1",9330768007876
Retrokitchen,UN - RK70,"Retrokitchen 100% Compostable Sponge Cloth Beetroots ",9330768001799
Retrokitchen,UN - RK73,"Retrokitchen 100% Compostable Sponge Cloth Pelicans ",9330768001812
Retrokitchen,UN - RK74,"Retrokitchen 100% Compostable Sponge Cloth Retro Flowers ",9330768001829
Retrokitchen,UN - RK87ST,"Retrokitchen 100% Compostable Sponge Cloth Christmas Gifts ",9330768002413
Schmidts,UN - SD21,"Schmidt's Deodorant Stick Bergamot & Lime 75g",859139006038
Schmidts,UN - SD24,"Schmidt's Deodorant Stick Lavender & Sage 75g",859139006045
Schmidts,UN - SD27,"Schmidt's Charcoal & Magnesium Stick 75g",859139006618
Sugarwrap,UN - SUG02,"Sugarwrap Eco Freezer Bags Made from Sugarcane Medium x 100",9353327000033
Sugarwrap,UN - SUG11,"Sugarwrap Eco Clingwrap 100% Compostable 30m x 33cm 1",9353327000477
Tom Organic,UN - TM25,"Tom Organic Pads Overnight x 8",9346285000207
Tom Organic,UN - TM58,"Tom Organic Maternity Pads Ultra Absorbent For Post Birth",9346285000030
Tooshies By Tom,UN - TM81,"Tooshies By Tom Nappies With Organic Bamboo Size 1 Newborn 3 5kg 2 x 52",19346285000839
Tooshies By Tom,UN - TM82,"Tooshies BY Tom Nappies With Organic Bamboo Size 2 Infant 4 8kg 2 x 48",19346285000846
Tooshies By Tom,UN - TM84,"Tooshies By Tom Nappies With Organic Bamboo Size 4 Toddler 10-15kg 2 x 36",19346285000860
Tooshies By Tom,UN - TM85,"Tooshies By Tom Nappies With Organic Bamboo Size 5 Walker 13 18kg 2 x 32",19346285000877
Tooshies By Tom,UN - TM86,"Tooshies By Tom Nappies With Organic Bamboo Size 6 Junior 16+ kg 2 x 30",19346285000884
Unknown,UN - AG10,"Arigato Bento Box Hot Air Balloons",735850101071
Unknown,UN - ANS171,"Australian Natural Soap Co Hand & Body Everyday Luxury Lavender 100g",9347826001745
Unknown,UN - ANS181,"Australian Natural Soap Co Hand & Body Australian Bush Soap Wattle Seed 100g",9347826003145
Unknown,UN - AS19,"Alchemy Chai Elixir Original 300ml",9320300025246
Unknown,UN - CLIF08DATE,"CLIF Energy Bar Cool Mint Choc 49mg Caffeine 12 x 68g ",
Unknown,UN - CRN01,"Creative Nature Gnawbles Bites Creeamy M*lk Chocolate 15x30g",5060113086280
Unknown,UN - CRN02,"Creative Nature Gnawbles Bites Cheeky Choc Hazelnot 15x30g",5060113086266
Unknown,UN - CRN03,"Creative Nature Gnawbles Bites Super Salted Caramel 15x30g",5060113087034
Unknown,UN - CRN10,"Creative Nature Gnawbles Bites Creeamy M*lk Chocolate 6x75g",5060113086631
Unknown,UN - DJA60,"DJ&A Wasabi Flavoured Snack Mix 9 x 150g",9345544010117
Unknown,UN - EVM11,"Everyorganics Australian Bee Pollen 150g",659359508882
Unknown,UN - EVM12,"Everyorganics Cold Smoked Raw Honey 375g",746160759258
Unknown,UN - EVM13,"Everyorganics Cold Smoked Sea Salt 150g",746160759210
Unknown,UN - EVM14,"Everyorganics Cold Smoked Chilli Salt 110g",746160759234
Unknown,UN - EVM15,"Everyorganics Cold Smoked Salt & Pepper 130g",746160759227
Unknown,UN - EVM16,"Everyorganics Cold Smoked Shroom Salt 110g",659359508905
Unknown,UN - EVM17,"Everyorganics Cold Smoked Extra Virgin Olive Oil 250ml",746160759364
Unknown,UN - EVM24,"EveryOrganics EveryMite Baby Low FODMAP & Super Low Salt 950g",659359508868
Unknown,UN - GAM10,"Gaiam Yoga Mat Premium Support 6mm Dark Marble 61cm x 173cm ",9345983001608
Unknown,UN - GAM12,"Gaiam Yoga Mat Premium Support 6mm Sea Glass 61cm x 173cm ",9345983003442
Unknown,UN - GAM14,"Gaiam Yoga Mat Premium Support 6mm Seaglass Urban 61cm x 173cm ",9345983004135
Unknown,UN - GAM15,"Gaiam Yoga Mat Classic Starter 3mm Light Blue Flower 61cm x 173cm ",9345983004067
Unknown,UN - GAM16,"Gaiam Yoga Mat Premium Support 6mm Seaglass Claret 61cm x 173cm ",9345983004142
Unknown,UN - GAM17,"Gaiam Yoga Mat Essential Support 4.5mm Blue Flower 61cm x 173cm ",9345983004074
Unknown,UN - GAM20,"Gaiam Strength & Flexibility Kit Light  Medium & Heavy Bands ",9345983001257
Unknown,UN - GAM22,"Gaiam Yoga Socks Super Grippy Small-Medium 1 Pair",9345983001387
Unknown,UN - GAM23,"Gaiam Core & Back Pilates Ball ",9345983001363
Unknown,UN - GAM24,"Gaiam Flatband Mobility & Movement Light ",9345983002117
Unknown,UN - GAM25,"Gaiam Flatband Tone Up Medium ",9345983002124
Unknown,UN - GAM28,"Gaiam Flatband Loop Tone Up Medium ",9345983002155
Unknown,UN - GAM31,"Gaiam No Knots Massage Ball  ",9345983002803
Unknown,UN - GAM32,"Gaiam Ultimate Foot & Body Massager  ",9345983002797
Unknown,UN - GAM33,"Gaiam Hand Therapy Kit  ",9345983002896
Unknown,UN - GAM35,"Gaiam Deep Relief Vibration Massager  ",9345983002810
Unknown,UN - GAM37,"Gaiam Hot & Cold Neck Cradle  ",9345983003251
Unknown,UN - GAM39,"Gaiam Acupressure Mat & Pillow  ",9345983002643
Unknown,UN - GAM41,"Gaiam Balance Ball 65cm ",9345983002254
Unknown,UN - GAM43,"Gaiam Pilates Reformer 4-Loop Design and Multiple Grips ",9345983001769
Unknown,UN - GAM46,"Gaiam Neck Massager with USB Charger ",9345983002865
Unknown,UN - GAM48,"Gaiam Diffuser with USB 10cm x 10cm ",9345983002834
Unknown,UN - GAM51,"Gaiam Revive and Renew Hot & Cold Therapy Wrap ",9345983003831
Unknown,UN - GAM52,"Gaiam Yoga & Barre Grippy Socks Small-Medium 1 Pair",9345983003312
Unknown,UN - GAM70,"Gaiam Cold & Hot Compression Recovery Sleeve Medium ",9345983004401
Unknown,UN - GEM13,"Gem Toothpaste Triple Whitening Fluoride Watermelon Mint 100g",9356892000774
Unknown,UN - GEM32,"Gem Whitening Pen Watermelon Mint 4ml",9356892000637
Unknown,UN - GRA02,"Grass Roots Australian Hemp Seed Oil 250ml",9357102009945
Unknown,UN - GRA23,"Grass Roots Organic Hemp Protein Powder 350g",9357102010132
Unknown,UN - GRA24,"Grass Roots Australian Hemp Protein Powder 350g",9357102010040
Unknown,UN - GRA30,"Grass Roots Organic Cacao Powder 250g",9357102010057
Unknown,UN - GRA31,"Grass Roots Organic Cacao Powder 500g",9357102010064
Unknown,UN - GRA40,"Grass Roots Organic Green Leaf Stevia Powder 250g",9357102010071
Unknown,UN - NTR05,"Nature's Help Meno Sleep Night Formula 60 Caps",712179209992
Unknown,UN - NTR12,"Nature's Help Meno Femin Libido and Body Health Capsules 60 Caps",712179210004
Unknown,UN - SOH10,"Sodii Everyday Hydration Salts Salty Berry 30pk",9360964000074
Unknown,UN - SOH11,"Sodii Everyday Hydration Salts Salty Berry 185g",9360964000104
Unknown,UN - TM83,"Tooshies Nappies Size 3 Crawler 6-11kg 2x44",19346285000853
Unknown,UN - TUL01,"Organic Goodness Natural Soy Wax Candle Patchouli Vanilla 200g",8903833901402
Unknown,UN - TUL02,"Organic Goodness Natural Soy Wax Candle Madurai Jasmine 200g",8903833901372
Unknown,UN - TUL03,"Organic Goodness Natural Soy Wax Candle Mysore Chandan Sandalwood 200g",8903833901358
Vego,UN - VE21,"Vego Hazelnut Chocolate Spread Crunchy 6x200g",4260334140247
Vego,UN - VE32,"Vego Dark Chocolate Bar Nuts & Berries 12x85g",8006070132360
Vrindavan,UN - VR123,"Vrindavan Hand Sanitizer Tea Tree & Oregano 60Ml",9340249001323
Vrindavan,UN - VR126,"Vrindavan Hand Sanitizer Refill Tea Tree & Oregano 1L",9340249000999
Weleda,UN - WEL11,"Weleda Sensitive Skin Body Wash Almond 200ml",4001638086769
Weleda,UN - WEL183,"Weleda Nipple Care Cream Mother 36ml",9416114001221
Weleda,UN - WEL196,"Weleda Calendula Baby Oil 200ml",4001638096553
Weleda,UN - WEL251,"Weleda Organic/ Bio Birch Juice Liquid Food Supplement 200ml",4001638098175
Weleda,UN - WEL254,"Weleda 24h Hydrating Facial Lotion Cactus 30ml",4001638500029
Weleda,UN - WEL255,"Weleda 24h Hydrating Facial Cream Cactus 30ml",4001638523219
Weleda,UN - WEL47,"Weleda Eye And Lip Cream Evening Primrose 10ml",4001638086592
Weleda,UN - WEL85,"Weleda Pomegranate Firming Face Serum 30ml",4001638080040 
Weleda,UN - WEL86,"Weleda Pomegranate Firming Day Cream 30ml",4001638090889
Weleda,UN - WEL87,"Weleda Pomegranate Firming Night Cream 30ml",4001638091015
Weleda,UN - WEL88,"Weleda Pomegranate Firming Eye Cream 10ml",4001638097253 
Wheatbags Love,UN - WBL38,"Wheatbags Love Eye Mask - Luxe Linen Slate x 1",9355921003137
Wheatbags Love,UN - WBL41,"Wheatbags Love Eye Mask - Luxe Linen Copper x 1",9355921003151
