sku,title,variant_title,vendor,wholesale_price,rrp
KIK - OB-BLIMO,Acacia AromaTherapy Blissful Moment Certified Organic Essential Oil Blend 10ml,,Acacia Aromatherapy,12.52,
KIK - OB-BREAT,Acacia AromaTherapy Breathe Certified Organic Essential Oil Blend 10ml,,Acacia Aromatherapy,12.52,
KIK - OB-DAYDR,Acacia AromaTherapy Daydream Certified Organic Essential Oil Blend 10ml,,Acacia Aromatherapy,13.06,
KIK - OB-FOCUS,Acacia AromaTherapy Focus Certified Organic Essential Oil Blend 10ml,,Acacia Aromatherapy,12.52,
KIK - RO-FOCUS,Acacia AromaTherapy Focus Certified Organic Essential Oil Roll on 10ml,,Acacia Aromatherapy,11.97,
KIK - OB-LOVE,Acacia AromaTherapy Love Certified Organic Essential Oil Blend 10ml,,Acacia Aromatherapy,13.06,
KIK - OB-SLEWE,Acacia AromaTherapy Sleep Well Certified Organic Essential Oil 10ml,,Acacia Aromatherapy,13.61,
KIK - RO-SLEWE,Acacia AromaTherapy Sleep Well Certified Organic Essential Oil Rollon 10ml,,Acacia Aromatherapy,13.06,
KIK - OB-STRRE,Acacia AromaTherapy Stress Release Certified Organic Essential Oil Blend 10ml,,Acacia Aromatherapy,13.61,
KIK - RO-STRRE,Acacia AromaTherapy Stress Release Certified Organic Essential Oil Rollon 10ml,,Acacia Aromatherapy,13.06,
KIK - OB-UNWIN,Acacia AromaTherapy Unwind Certified Organic Essential Oil Blend 10ml,,Acacia Aromatherapy,13.06,
KIK - RO-UNWIN,Acacia AromaTherapy Unwind Certified Organic Essential Oil Rollon 10ml,,Acacia Aromatherapy,11.97,
AE301,3% CHAMOMILE GEMAN BLUE OIL 10ml,,Ausganica,,
AE302,3% IMMORTELLE OIL 10ml,,Ausganica,11.34,
AE303,3% JASMINE OIL 10ml,,Ausganica,,
AE304,3% NEROLI OIL 10ml,,Ausganica,,
AE305,3% ROSE OTTO OIL 10ml,,Ausganica,,
AEO183,ABIES OIL 10ml,,Ausganica,,
AEO182,ABIES OIL 5ml,,Ausganica,,
ACO01,ALMOND SWEET OIL 10ml,,Ausganica,,
ACO02,ALMOND SWEET OIL 30ml,,Ausganica,,
PHS01,ALOE & CHAMOMILE SOAP 100g,,Ausganica,,
ACO14,APRICOT KERNEL VIRGIN OIL 100ml,,Ausganica,,
ACO04,ARGAN OIL 10ml,,Ausganica,,
ACO05,ARGAN OIL 30ml,,Ausganica,,
KIK - ACO01,Ausganica Almond Sweet Oil 10Ml,,Ausganica,3.95,
ACO06,Ausganica Argan Oil 100ml,,Ausganica,17.02,
KIK - ACO04,Ausganica Argan Oil 10Ml,,Ausganica,4.75,
KIK - AEO002,Ausganica Basil Oil 10Ml,,Ausganica,17.02,
KIK - AEO001,Ausganica Basil Oil 5Ml,,Ausganica,9.07,
KIK - AMO01,Ausganica Beautiful Bust Oil 100ml,,Ausganica,11.34,
KIK - AEO005,Ausganica Bergamot Oil Bergaptene Free 10Ml,,Ausganica,17.02,
KIK - AEO004,Ausganica Bergamot Oil Bergaptene Free 5Ml,,Ausganica,7.70,
KIK - AEO008,Ausganica Black Pepper Oil 10Ml,,Ausganica,17.02,
KIK - AEO007,Ausganica Black Pepper Oil 5Ml,,Ausganica,9.07,
KIK - AEO011,Ausganica Cedarwood Atlas Oil 10Ml,,Ausganica,7.36,
KIK - AEO010,Ausganica Cedarwood Atlas Oil 5Ml,,Ausganica,4.07,
KIK - ODT02,Ausganica Certified Organic Bright Mint Toothpaste 130g,,Ausganica,6.80,
KIK - ODT03,Ausganica Certified Organic Calming Herbs Toothpaste 130g,,Ausganica,6.80,
KIK - HBR02,Ausganica Certified Organic Damage Relief Shampoo 250ml,,Ausganica,8.49,
KIK - HBR04,Ausganica Certified Organic Flake Waiver Shampo 250ml,,Ausganica,8.49,
KIK - HBR03,Ausganica Certified Organic Hair Detox Shampoo 250ml,,Ausganica,8.49,
KIK - ACO10,Ausganica Certified Organic Jojoba Oil 100ml,,Ausganica,17.02,
KIK - ACO10,Ausganica Certified Organic Jojoba Oil 100ml,,Ausganica,17.02,
KIK - AEO068,Ausganica Certified Organic Lavandin Oil 10ml,,Ausganica,6.79,
KIK - HOF06,Ausganica Certified Organic Lavender Soothing Conditioner 500ml,,Ausganica,10.20,
KIK - HOF08,Ausganica Certified Organic Lavender Soothing Hand & Body Lotion 500ml,,Ausganica,11.34,
KIK - HOF07,Ausganica Certified Organic Lavender Soothing Hand & Body Wash 500ml,,Ausganica,9.63,
KIK - HOF05,Ausganica Certified Organic Lavender Soothing Shampoo 500ml,,Ausganica,9.63,
KIK - AEO077,Ausganica Certified Organic Lemon Myrtle Oil 10ml,,Ausganica,11.34,
KIK - HOF12,Ausganica Certified Organic Lemon Myrtle Purifying Conditioner 500ml,,Ausganica,10.20,
KIK - HOF11,Ausganica Certified Organic Lemon Myrtle Purifying Shampoo 500ml,,Ausganica,9.63,
KIK - AEO086,Ausganica Certified Organic Lemongrass Oil 10ml,,Ausganica,7.36,
KIK - HOF10,Ausganica Certified Organic Litsea Cubeba Volumizing Conditioner 500ml,,Ausganica,10.20,
KIK - HOF09,Ausganica Certified Organic Litsea Cubeba Volumizing Shampoo 500ml,,Ausganica,9.63,
KIK - AEO111,Ausganica Certified Organic Orange Sweet Oil 10ml,,Ausganica,5.09,
KIK - AEO114,Ausganica Certified Organic Palmarosa Oil 10ml,,Ausganica,8.49,
KIK - AEO117,Ausganica Certified Organic Patchouli Oil 10ml,,Ausganica,11.34,
KIK - AEO129,Ausganica Certified Organic Ravensara Oil 10ml,,Ausganica,17.02,
KIK - AMO03,Ausganica Certified Organic Relaxation Oil 100ml,,Ausganica,11.34,
KIK - HBR01,Ausganica Certified Organic Root Strength Shampoo 250ml,,Ausganica,8.49,
KIK - HRR04,Ausganica Certified Organic Rose Body Lotion 250ml,,Ausganica,10.77,
KIK - HRR03,Ausganica Certified Organic Rose Body Wash 250ml,,Ausganica,9.63,
KIK - HRR02,Ausganica Certified Organic Rose Conditioner 250ml,,Ausganica,10.77,
KIK - HOF02,Ausganica Certified Organic Rose Geranium Nourishing Conditioner 500ml,,Ausganica,10.20,
KIK - HOF04,Ausganica Certified Organic Rose Geranium Nourishing Hand & Body Lotion 500ml,,Ausganica,11.34,
KIK - HOF03,Ausganica Certified Organic Rose Geranium Nourishing Hand & Body Wash 500ml,,Ausganica,9.63,
KIK - HOF01,Ausganica Certified Organic Rose Geranium Nourishing Shampoo 500ml,,Ausganica,9.63,
KIK - HRR01,Ausganica Certified Organic Rose Shampoo 250ml,,Ausganica,9.63,
KIK - HBR05,Ausganica Certified Organic Silk Milk Conditioner 250ml,,Ausganica,9.63,
KIK - ACO03,Ausganica Certified Organic Sweet Almond Oil 100ml,,Ausganica,14.18,
KIK - ACO03,Ausganica Certified Organic Sweet Almond Oil 100ml,,Ausganica,14.18,
KIK - ODT01,Ausganica Certified Organic Tea Tree Defence Toothpaste 130g,,Ausganica,6.80,
KIK - AEO158,Ausganica Certified Organic Thyme Oil 10ml,,Ausganica,22.70,
KIK - AEO164,Ausganica Certified Organic Vetiver Oil 10ml,,Ausganica,22.70,
KIK - AEO167,Ausganica Certified Organic Wintergreen Oil 10ml,,Ausganica,14.18,
KIK - AEO014,Ausganica Chamomile German Blue Oil 10Ml,,Ausganica,51.11,
KIK - AEO013,Ausganica Chamomile German Blue Oil 5Ml,,Ausganica,18.16,
AHD05,Ausganica Chamomile German Hydrosol 125ml,,Ausganica,11.34,
KIK - AEO018,Ausganica Chamomile Roman Oil 10Ml,,Ausganica,74.97,
KIK - AEO016,Ausganica Chamomile Roman Oil 2Ml,,Ausganica,15.89,
KIK - AEO021,Ausganica Cinnamon Bark Oil 10Ml,,Ausganica,22.70,
KIK - AEO020,Ausganica Cinnamon Bark Oil 5Ml,,Ausganica,11.34,
KIK - AEO024,Ausganica Cinnamon Oil 10Ml,,Ausganica,7.36,
KIK - AEO023,Ausganica Cinnamon Oil 5Ml,,Ausganica,4.52,
KIK - AEO027,Ausganica Citronella Oil 10Ml,,Ausganica,7.36,
KIK - AEO026,Ausganica Citronella Oil 5Ml,,Ausganica,4.52,
KIK - AEO030,Ausganica Clary Sage Oil 10Ml,,Ausganica,22.70,
KIK - AEO029,Ausganica Clary Sage Oil 5Ml,,Ausganica,11.34,
KIK - AEO033,Ausganica Clove Bud Oil 10Ml,,Ausganica,14.18,
KIK - AEO032,Ausganica Clove Bud Oil 5Ml,,Ausganica,6.79,
KIK - AEO036,Ausganica Cypress Oil 10Ml,,Ausganica,17.02,
KIK - AEO035,Ausganica Cypress Oil 5Ml,,Ausganica,9.07,
KIK - AEB01,Ausganica Detox & Stress Free Essential Oil Blend 10ml,,Ausganica,11.34,
AHD06,Ausganica Eucalyptus Radiata Hydrosol 125ml,,Ausganica,10.22,
KIK - AEO039,Ausganica Eucalyptus Radiata Oil 10Ml,,Ausganica,5.65,
KIK - AEO040,Ausganica Eucalyptus Radiata Oil 30ml,,Ausganica,14.18,
KIK - AEO040,Ausganica Eucalyptus Radiata Oil 30ml,,Ausganica,14.18,
KIK - AEO038,Ausganica Eucalyptus Radiata Oil 5Ml,,Ausganica,3.16,
KIK - AEO042,Ausganica Fennel Sweet Oil 10Ml,,Ausganica,14.18,
KIK - AEO041,Ausganica Fennel Sweet Oil 5Ml,,Ausganica,6.79,
KIK - AEO045,Ausganica Frankincense Oil 10ml,,Ausganica,37.47,
KIK - AEO044,Ausganica Frankincense Oil 5ml,,Ausganica,24.97,
KIK - AEO048,Ausganica Geranium Oil 10Ml,,Ausganica,13.04,
KIK - AEO047,Ausganica Geranium Oil 5Ml,,Ausganica,6.79,
KIK - AEO051,Ausganica Ginger Oil 10Ml,,Ausganica,17.02,
KIK - AEO050,Ausganica Ginger Oil 5Ml,,Ausganica,9.07,
KIK - AEO054,Ausganica Grapefruit Pink Oil 10Ml,,Ausganica,17.02,
KIK - AEO053,Ausganica Grapefruit Pink Oil 5Ml,,Ausganica,9.07,
KIK - HBR09,Ausganica Hair Detox Shampoo 30Ml,,Ausganica,1.82,
KIK - AEO058,Ausganica Immortelle Oil 10Ml,,Ausganica,90.88,
KIK - AEO056,Ausganica Immortelle Oil 2Ml,,Ausganica,22.70,
KIK - AEO062,Ausganica Jasmine Oil 10Ml,,Ausganica,198.84,
KIK - AEO060,Ausganica Jasmine Oil 2Ml,,Ausganica,36.34,
KIK - AEO065,Ausganica Juniperberry Oil 10Ml,,Ausganica,14.18,
KIK - AEO064,Ausganica Juniperberry Oil 5Ml,,Ausganica,6.79,
KIK - HOF00,Ausganica Lavender Hair & Body Travel Kit 4-In-1,,Ausganica,7.70,
KIK - HOF00,Ausganica Lavender Hair & Body Travel Kit 4-In-1,,Ausganica,9.63,
KIK - AHD03,Ausganica Lavender Hydrosol 125ml,,Ausganica,7.93,
KIK - AEO071,Ausganica Lavender Oil 10Ml,,Ausganica,8.49,
KIK - AEO070,Ausganica Lavender Oil 5Ml,,Ausganica,4.52,
KIK - HOF18,Ausganica Lavender Soothing Conditioner 30Ml,,Ausganica,1.82,
KIK - HOF17,Ausganica Lavender Soothing Shampoo 30Ml,,Ausganica,1.82,
KIK - AEO083,Ausganica Lemon Scented Tea Tree Oil 10Ml,,Ausganica,9.63,
KIK - AEO082,Ausganica Lemon Scented Tea Tree Oil 5Ml,,Ausganica,4.98,
AHD07,Ausganica Lemon Tea Tree Hydrosol 125ml,,Ausganica,11.34,
KIK - AEO089,Ausganica Lime Cold Pressed Oil 10Ml,,Ausganica,11.34,
AEO088,Ausganica Lime Cold Pressed Oil 5Ml,,Ausganica,,
KIK - AEO088,Ausganica Lime Cold Pressed Oil 5Ml,,Ausganica,5.89,
KIK - HOFT0,Ausganica Litsea Cubeba Hair & Body Travel Kit 4-In-1,,Ausganica,9.63,
KIK - HOF22,Ausganica Litsea Cubeba Volumizing Conditioner 30Ml,,Ausganica,1.82,
KIK - HOF21,Ausganica Litsea Cubeba Volumizing Shampoo 30Ml,,Ausganica,1.82,
KIK - AEO095,Ausganica Marjoram Sweet Oil 10Ml,,Ausganica,14.18,
KIK - AMO02,Ausganica Muscle Health Oil 100ml,,Ausganica,11.34,
KIK - AEO102,Ausganica Neroli Oil 10Ml,,Ausganica,115.00,
KIK - AEB04,Ausganica Purifying & Health Essential Oil Blend 10Ml,,Ausganica,11.34,
KIK - AEB05,Ausganica Relaxation Essential Oil 10Ml,,Ausganica,11.34,
KIK - SRS19,Ausganica Rose Bb Cream 40G,,Ausganica,22.73,
KIK - SRS02,Ausganica Rose Cleansing Oil 120Ml,,Ausganica,20.45,
KIK - HRR06,Ausganica Rose Conditioner 30Ml,,Ausganica,2.05,
KIK - SRS06,Ausganica Rose Elixir 100Ml,,Ausganica,77.27,
KIK - SRS07,Ausganica Rose Emulsion 80Ml,,Ausganica,30.91,
KIK - SRS11,Ausganica Rose Eye Cream 15G,,Ausganica,30.91,
KIK - SRS10,Ausganica Rose Eye Serum 30Ml,,Ausganica,30.91,
KIK - SRS08,Ausganica Rose Facial Cream 40G,,Ausganica,30.91,
KIK - SRS05,Ausganica Rose Facial Serum 30Ml,,Ausganica,30.91,
KIK - SRS01,Ausganica Rose Foaming Cleanser 200Ml,,Ausganica,20.45,
KIK - HRR00,Ausganica Rose Hair & Body Travel Kit 4-In-1,,Ausganica,9.63,
KIK - HRR00,Ausganica Rose Hair & Body Travel Kit 4-In-1 30ml,,Ausganica,9.07,
KIK - SRS13,Ausganica Rose Hand Cream 100G,,Ausganica,27.27,
KIK - SRS12,Ausganica Rose Hip Balm 15G,,Ausganica,13.70,
KIK - SRS09,Ausganica Rose Hip Oil 30Ml,,Ausganica,15.00,
KIK - SRS03,Ausganica Rose Hydrating Mist 100Ml,,Ausganica,22.73,
KIK - AHD04,Ausganica Rose Otto Hydrosol 125ml,,Ausganica,10.20,
KIK - HRR05,Ausganica Rose Shampoo 30Ml,,Ausganica,2.05,
KIK - SRS04,Ausganica Rose Toner 100Ml,,Ausganica,25.00,
KIK - ACO011,Ausganica Rosehip Oil 10Ml,,Ausganica,4.95,
KIK - AEO139,Ausganica Rosemary Oil 10Ml,,Ausganica,6.79,
KIK - AEO138,Ausganica Rosemary Oil 5Ml,,Ausganica,4.07,
KIK - AEO142,Ausganica Sage Oil 10Ml,,Ausganica,17.02,
KIK - AEO141,Ausganica Sage Oil 5Ml,,Ausganica,7.70,
KIK - AEO148,Ausganica Sandalwood Oil 5Ml,,Ausganica,29.98,
KIK - AEO146,Ausganica Sandalwood Premium Oil 10Ml,,Ausganica,68.75,
KIK - HBR10,Ausganica Silky Milk Conditioner 30Ml,,Ausganica,1.82,
KIK - AEO152,Ausganica Spearmint Oil 10Ml,,Ausganica,14.18,
KIK - AEO151,Ausganica Spearmint Oil 5Ml,,Ausganica,6.79,
ACO03,Ausganica Sweet Almond Oil 100ml,,Ausganica,14.18,
KIK - AMO04,Ausganica Trim And Slim Oil 100ml,,Ausganica,11.34,
KIK - AEO161,Ausganica Vanilla Oleoresin 10Ml,,Ausganica,17.02,
KIK - AEO160,Ausganica Vanilla Oleoresin 5Ml,,Ausganica,9.07,
KIK - OM01,Ausganica Women'S Intimate Wash 250Ml,,Ausganica,8.61,
KIK - AEO171,Ausganica Yarrow Oil 10Ml,,Ausganica,56.79,
KIK - AEO169,Ausganica Yarrow Oil 2Ml,,Ausganica,15.89,
KIK - AEO174,Ausganica Ylang Ylang Complete Oil 10ml,,Ausganica,17.02,
AUS - AEO174,Ausganica Ylang Ylang Complete Oil 10Ml,,Ausganica,17.02,
KIK - AEO173,Ausganica Ylang Ylang Complete Oil 5Ml,,Ausganica,9.07,
AEO185,BASIL CT CHAVICOL OIL 10ml,,Ausganica,,
AEO184,BASIL CT CHAVICOL OIL 5ml,,Ausganica,,
AEO002,BASIL OIL 10ml,,Ausganica,,
AEO003,BASIL OIL 30ml,,Ausganica,,
AEO001,BASIL OIL 5ml,,Ausganica,,
AEO187,BAY LAUREL OIL 10ml,,Ausganica,,
AEO186,BAY LAUREL OIL 5ml,,Ausganica,,
AMO01,BEAUTIFUL BUST OIL 100ml,,Ausganica,,
AEO189,BERGAMOT OIL 10ml,,Ausganica,,
AEO188,BERGAMOT OIL 5ml,,Ausganica,,
AEO005,BERGAMOT OIL BERGAPTENE FREE 10ml,,Ausganica,,
AEO006,BERGAMOT OIL BERGAPTENE FREE 30ml,,Ausganica,,
AEO004,BERGAMOT OIL BERGAPTENE FREE 5ml,,Ausganica,,
AEO008,BLACK PEPPER OIL 10ml,,Ausganica,,
AEO009,BLACK PEPPER OIL 30ml,,Ausganica,,
AEO007,BLACK PEPPER OIL 5ml,,Ausganica,,
ACO15,BORAGE VIRGIN OIL 100ml,,Ausganica,,
PST04,BOTANICA SCENTHERAPY 50ml,,Ausganica,,
ODT02,BRIGHT MINT TOOTHPASTE 130g,,Ausganica,,
AEO191,CAJEPUT OIL 10ml,,Ausganica,,
AEO190,CAJEPUT OIL 5ml,,Ausganica,,
AOP01,CALM & RELAX ROLL-ON 14ml,,Ausganica,,
ODT03,CALMING HERBS TOOTHPASTE 130g,,Ausganica,,
AEO194,CARDAMOM OIL 10ml,,Ausganica,,
AEO192,CARDAMOM OIL 2ml,,Ausganica,,
AEO193,CARDAMOM OIL 5ml,,Ausganica,,
AEO011,CEDARWOOD ATLAS OIL 10ml,,Ausganica,,
AEO012,CEDARWOOD ATLAS OIL 30ml,,Ausganica,,
AEO010,CEDARWOOD ATLAS OIL 5ml,,Ausganica,,
AEO196,CEDARWOOD HIMALAYAN OIL 10ml,,Ausganica,,
AEO195,CEDARWOOD HIMALAYAN OIL 5ml,,Ausganica,,
AEO014,CHAMOMILE GERMAN BLUE OIL 10ml,,Ausganica,,
AEO015,CHAMOMILE GERMAN BLUE OIL 30ml,,Ausganica,,
AEO013,CHAMOMILE GERMAN BLUE OIL 5ml,,Ausganica,,
AEO018,CHAMOMILE ROMAN OIL 10ml,,Ausganica,74.97,
AEO016,CHAMOMILE ROMAN OIL 2ml,,Ausganica,,
AEO019,CHAMOMILE ROMAN OIL 30ml,,Ausganica,,
AEO017,CHAMOMILE ROMAN OIL 5ml,,Ausganica,,
AEO021,CINNAMON BARK OIL 10ml,,Ausganica,,
AEO022,CINNAMON BARK OIL 30ml,,Ausganica,,
AEO020,CINNAMON BARK OIL 5ml,,Ausganica,,
AEO024,CINNAMON OIL 10ml,,Ausganica,,
AEO025,CINNAMON OIL 30ml,,Ausganica,,
AEO023,CINNAMON OIL 5ml,,Ausganica,,
AEO027,CITRONELLA OIL 10ml,,Ausganica,,
AEO028,CITRONELLA OIL 30ml,,Ausganica,,
AEO026,CITRONELLA OIL 5ml,,Ausganica,,
AEO030,CLARY SAGE OIL 10ml,,Ausganica,,
AEO031,CLARY SAGE OIL 30ml,,Ausganica,,
AEO029,CLARY SAGE OIL 5ml,,Ausganica,,
AEO198,CLEMENTINE OIL 10ml,,Ausganica,,
AEO197,CLEMENTINE OIL 5ml,,Ausganica,,
AEO033,CLOVE BUD OIL 10ml,,Ausganica,,
AEO034,CLOVE BUD OIL 30ml,,Ausganica,28.38,
AEO032,CLOVE BUD OIL 5ml,,Ausganica,,
ACO07,COCONUT OIL 100ml,,Ausganica,,
AEO200,CORIANDER OIL 10ml,,Ausganica,,
AEO199,CORIANDER OIL 5ml,,Ausganica,,
AEO202,CUMIN SEED OIL 10ml,,Ausganica,,
AEO201,CUMIN SEED OIL 5ml,,Ausganica,,
AEO036,CYPRESS OIL 10ml,,Ausganica,,
AEO037,CYPRESS OIL 30ml,,Ausganica,,
AEO035,CYPRESS OIL 5ml,,Ausganica,,
PHBR02,DAMAGE RELIEF SHAMPOO 1000ml,,Ausganica,,
HBR02,DAMAGE RELIEF SHAMPOO 250ml,,Ausganica,,
AEB01,DETOX & STRESS FREE ESSENTIAL OIL BLEND 10ml,,Ausganica,,
AOP02,ENERGY & STRESS FREE ROLL-ON 14ml,,Ausganica,,
AEO204,EUCALYPTUS BLUE MALLEE OIL 10ml,,Ausganica,,
AEO203,EUCALYPTUS BLUE MALLEE OIL 5ml,,Ausganica,,
AEO206,EUCALYPTUS CAMALDULENSIS OIL 10ml,,Ausganica,,
AEO205,EUCALYPTUS CAMALDULENSIS OIL 5ml,,Ausganica,,
AEO208,EUCALYPTUS CITRIODORA OIL 10ml,,Ausganica,,
AEO207,EUCALYPTUS CITRIODORA OIL 5ml,,Ausganica,,
AEO210,EUCALYPTUS DIVES OIL 10ml,,Ausganica,,
AEO209,EUCALYPTUS DIVES OIL 5ml,,Ausganica,,
AEO212,EUCALYPTUS GLOBULUS OIL 10ml,,Ausganica,,
AEO211,EUCALYPTUS GLOBULUS OIL 5ml,,Ausganica,,
AEO214,EUCALYPTUS GULLY GUM OIL 10ml,,Ausganica,,
AEO213,EUCALYPTUS GULLY GUM OIL 5ml,,Ausganica,,
AEO039,EUCALYPTUS RADIATA OIL 10ml,,Ausganica,,
AEO040,EUCALYPTUS RADIATA OIL 30ml,,Ausganica,,
AEO038,EUCALYPTUS RADIATA OIL 5ml,,Ausganica,,
AEO216,EUCALYPTUS STAIGERIANA OIL 10ml,,Ausganica,,
AEO215,EUCALYPTUS STAIGERIANA OIL 5ml,,Ausganica,,
ACO16,EVENING PRIMROSE VIRGIN OIL 100ml,,Ausganica,,
AEO218,FENNEL BITTER OIL 10ml,,Ausganica,,
AEO217,FENNEL BITTER OIL 5ml,,Ausganica,,
AEO042,FENNEL SWEET OIL 10ml,,Ausganica,,
AEO043,FENNEL SWEET OIL 30ml,,Ausganica,,
AEO041,FENNEL SWEET OIL 5ml,,Ausganica,,
PHBR04,FLAKE WAIVER SHAMPOO 1000ml,,Ausganica,,
HBR04,FLAKE WAIVER SHAMPOO 250ml,,Ausganica,,
PST03,FLORA SCENTHERAPY 50ml,,Ausganica,,
AEO220,FRANKINCENSE OIL - RIVAE 10ml,,Ausganica,,
AEO219,FRANKINCENSE OIL - RIVAE 5ml,,Ausganica,,
AEO222,FRANKINCENSE OIL - SERRATA 10ml,,Ausganica,,
AEO221,FRANKINCENSE OIL - SERRATA 5ml,,Ausganica,,
AEO045,FRANKINCENSE OIL 10ml,,Ausganica,,
AEO046,FRANKINCENSE OIL 30ml,,Ausganica,,
AEO044,FRANKINCENSE OIL 5ml,,Ausganica,,
AEO048,GERANIUM OIL 10ml,,Ausganica,,
AEO049,GERANIUM OIL 30ml,,Ausganica,,
AEO047,GERANIUM OIL 5ml,,Ausganica,,
AEO051,GINGER OIL 10ml,,Ausganica,,
AEO052,GINGER OIL 30ml,,Ausganica,,
AEO050,GINGER OIL 5ml,,Ausganica,,
AEO054,GRAPEFRUIT PINK OIL 10ml,,Ausganica,,
AEO055,GRAPEFRUIT PINK OIL 30ml,,Ausganica,,
AEO053,GRAPEFRUIT PINK OIL 5ml,,Ausganica,,
ACO17,GRAPESEED PURE OIL 100ml,,Ausganica,,
PHBR03,HAIR DETOX SHAMPOO 1000ml,,Ausganica,,
HBR03,HAIR DETOX SHAMPOO 250ml,,Ausganica,,
HBR09,HAIR DETOX SHAMPOO 30ml,,Ausganica,,
AEB02,HAPPINESS & ENERGY ESSENTIAL OIL BLEND 10ml,,Ausganica,,
ACO18,HEMP SEED VIRGIN OIL 100ml,,Ausganica,,
AEO224,HOLY BASIL OIL 10ml,,Ausganica,,
AEO223,HOLY BASIL OIL 5ml,,Ausganica,,
PHS02,HONEY & OATMEAL SOAP 100g,,Ausganica,,
AEO226,HORSEMINT OIL 10ml,,Ausganica,,
AEO225,HORSEMINT OIL 5ml,,Ausganica,,
AEO228,HYSSOP OIL 10ml,,Ausganica,,
AEO227,HYSSOP OIL 5ml,,Ausganica,,
AEO058,IMMORTELLE OIL 10ml,,Ausganica,90.88,
AEO056,IMMORTELLE OIL 2ml,,Ausganica,,
AEO059,IMMORTELLE OIL 30ml,,Ausganica,,
AEO057,IMMORTELLE OIL 5ml,,Ausganica,,
AEO062,JASMINE OIL 10ml,,Ausganica,,
AEO060,JASMINE OIL 2ml,,Ausganica,,
AEO063,JASMINE OIL 30ml,,Ausganica,,
AEO061,JASMINE OIL 5ml,,Ausganica,,
PST02,JASMINE SCENTHERAPY 50ml,,Ausganica,,
ACO10,JOJOBA OIL 100ml,,Ausganica,,
ACO08,JOJOBA OIL 10ml,,Ausganica,,
ACO09,JOJOBA OIL 30ml,,Ausganica,,
AEO065,JUNIPERBERRY OIL 10ml,,Ausganica,,
AEO066,JUNIPERBERRY OIL 30ml,,Ausganica,,
AEO064,JUNIPERBERRY OIL 5ml,,Ausganica,,
AEO230,LAVANDIN GROSSO OIL 10ml,,Ausganica,,
AEO229,LAVANDIN GROSSO OIL 5ml,,Ausganica,,
AEO068,LAVANDIN OIL 10ml,,Ausganica,,
AEO069,LAVANDIN OIL 30ml,,Ausganica,,
AEO067,LAVANDIN OIL 5ml,,Ausganica,,
HOF00,"LAVENDER HAIR & BODY TRAVEL KIT 4-IN-1 (Lavender Soothing Shampoo 30ml, Lavender Soothing Conditioner 30ml, Lavender Soothing Hand & Body Wash 30ml, Lavender Soothing Hand & Body Lotion 30ml)",,Ausganica,,
AHD03,LAVENDER HYDROSOL 125ml,,Ausganica,,
AEO071,LAVENDER OIL 10ml,,Ausganica,,
AEO072,LAVENDER OIL 30ml,,Ausganica,,
AEO070,LAVENDER OIL 5ml,,Ausganica,,
PHS04,LAVENDER SOAP 100g,,Ausganica,,
PHOF06,LAVENDER SOOTHING CONDITIONER 1000ml,,Ausganica,,
HOF18,LAVENDER SOOTHING CONDITIONER 30ml,,Ausganica,,
HOF06,LAVENDER SOOTHING CONDITIONER 500ml,,Ausganica,,
PHOF08,LAVENDER SOOTHING HAND & BODY LOTION 1000ml,,Ausganica,,
HOF20,LAVENDER SOOTHING HAND & BODY LOTION 30ml,,Ausganica,,
HOF08,LAVENDER SOOTHING HAND & BODY LOTION 500ml,,Ausganica,,
PHOF07,LAVENDER SOOTHING HAND & BODY WASH 1000ml,,Ausganica,,
HOF19,LAVENDER SOOTHING HAND & BODY WASH 30ml,,Ausganica,,
HOF07,LAVENDER SOOTHING HAND & BODY WASH 500ml,,Ausganica,,
PHOF05,LAVENDER SOOTHING SHAMPOO 1000ml,,Ausganica,,
HOF17,LAVENDER SOOTHING SHAMPOO 30ml,,Ausganica,,
HOF05,LAVENDER SOOTHING SHAMPOO 500ml,,Ausganica,,
AEO074,LAVENDER SPIKE OIL 10ml,,Ausganica,,
AEO075,LAVENDER SPIKE OIL 30ml,,Ausganica,,
AEO073,LAVENDER SPIKE OIL 5ml,,Ausganica,,
AEO077,LEMON MYRTLE OIL 10ml,,Ausganica,,
AEO078,LEMON MYRTLE OIL 30ml,,Ausganica,,
AEO076,LEMON MYRTLE OIL 5ml,,Ausganica,,
PHOF12,LEMON MYRTLE PURIFYING CONDITIONER 1000ml,,Ausganica,,
HOF12,LEMON MYRTLE PURIFYING CONDITIONER 500ml,,Ausganica,,
PHOF11,LEMON MYRTLE PURIFYING SHAMPOO 1000ml,,Ausganica,,
HOF11,LEMON MYRTLE PURIFYING SHAMPOO 500ml,,Ausganica,,
AEO080,LEMON OIL 10ml,,Ausganica,,
AEO081,LEMON OIL 30ml,,Ausganica,,
AEO079,LEMON OIL 5ml,,Ausganica,,
AEO083,LEMON SCENTED TEA TREE OIL 10ml,,Ausganica,,
AEO084,LEMON SCENTED TEA TREE OIL 30ml,,Ausganica,,
AEO082,LEMON SCENTED TEA TREE OIL 5ml,,Ausganica,,
AEO086,LEMONGRASS OIL 10ml,,Ausganica,,
AEO087,LEMONGRASS OIL 30ml,,Ausganica,,
AEO085,LEMONGRASS OIL 5ml,,Ausganica,,
AEO233,LENTISQUE MOROCCO OIL 10ml,,Ausganica,,
AEO231,LENTISQUE MOROCCO OIL 2ml,,Ausganica,,
AEO232,LENTISQUE MOROCCO OIL 5ml,,Ausganica,,
AEO089,LIME COLD PRESSED OIL 10ml,,Ausganica,,
AEO090,LIME COLD PRESSED OIL 30ml,,Ausganica,,
HOFT0,LITSEA CUBEBA HAIR & BODY TRAVEL KIT 4-IN-1,,Ausganica,,
PHOF14,LITSEA CUBEBA REFRESHING HAND & BODY LOTION 1000ml,,Ausganica,,
HOF26,LITSEA CUBEBA REFRESHING HAND & BODY LOTION 30ml,,Ausganica,,
HOF14,LITSEA CUBEBA REFRESHING HAND & BODY LOTION 500ml,,Ausganica,,
PHOF13,LITSEA CUBEBA REFRESHING HAND & BODY WASH 1000ml,,Ausganica,,
HOF25,LITSEA CUBEBA REFRESHING HAND & BODY WASH 30ml,,Ausganica,,
HOF13,LITSEA CUBEBA REFRESHING HAND & BODY WASH 500ml,,Ausganica,,
PHOF10,LITSEA CUBEBA VOLUMIZING CONDITIONER 1000ml,,Ausganica,,
HOF22,LITSEA CUBEBA VOLUMIZING CONDITIONER 30mL,,Ausganica,,
HOF10,LITSEA CUBEBA VOLUMIZING CONDITIONER 500ml,,Ausganica,,
PHOF09,LITSEA CUBEBA VOLUMIZING SHAMPOO 1000ml,,Ausganica,,
HOF21,LITSEA CUBEBA VOLUMIZING SHAMPOO 30mL,,Ausganica,,
HOF09,LITSEA CUBEBA VOLUMIZING SHAMPOO 500ml,,Ausganica,,
AEO092,MANDARIN RED OIL 10ml,,Ausganica,,
AEO093,MANDARIN RED OIL 30ml,,Ausganica,,
AEO091,MANDARIN RED OIL 5ml,,Ausganica,,
AEO095,MARJORAM SWEET OIL 10ml,,Ausganica,,
AEO096,MARJORAM SWEET OIL 30ml,,Ausganica,,
AEO094,MARJORAM SWEET OIL 5ml,,Ausganica,,
ACO20,MARULA OIL 100ml,,Ausganica,,
ACO19,MARULA OIL 30ml,,Ausganica,,
AEO098,MAY CHANG OIL 10ml,,Ausganica,,
AEO099,MAY CHANG OIL 30ml,,Ausganica,,
AEO097,MAY CHANG OIL 5ml,,Ausganica,,
AEO178,MELISSA OIL 10ml,,Ausganica,,
AEO176,MELISSA OIL 2ml,,Ausganica,,
AEO177,MELISSA OIL 5ml,,Ausganica,,
AEB03,MUSCLE HEALTH ESSENTIAL OIL BLEND 10ml,,Ausganica,,
AMO02,MUSCLE HEALTH OIL 100ml,,Ausganica,,
AEO181,MYRRH OIL 10ml,,Ausganica,,
AEO179,MYRRH OIL 2ml,,Ausganica,,
AEO180,MYRRH OIL 5ml,,Ausganica,,
AEO235,MYRTLE OIL 10ml,,Ausganica,,
AEO234,MYRTLE OIL 5ml,,Ausganica,,
AHD08,NEROLI HYDROSOL 125ml,,Ausganica,,
AEO102,NEROLI OIL 10ml,,Ausganica,130.65,
AEO100,NEROLI OIL 2ml,,Ausganica,,
AEO103,NEROLI OIL 30ml,,Ausganica,,
AEO101,NEROLI OIL 5ml,,Ausganica,,
AEO105,NIAOULI OIL 10ml,,Ausganica,,
AEO106,NIAOULI OIL 30ml,,Ausganica,,
AEO104,NIAOULI OIL 5ml,,Ausganica,,
AEO108,NUTMEG OIL 10ml,,Ausganica,,
AEO109,NUTMEG OIL 30ml,,Ausganica,,
AEO107,NUTMEG OIL 5ml,,Ausganica,,
AEO237,ORANGE SWEET OIL - AFRICAN 10ml,,Ausganica,,
AEO236,ORANGE SWEET OIL - AFRICAN 5ml,,Ausganica,,
AEO239,ORANGE SWEET OIL - ITALIAN 10ml,,Ausganica,,
AEO238,ORANGE SWEET OIL - ITALIAN 5ml,,Ausganica,,
AEO111,ORANGE SWEET OIL 10ml,,Ausganica,,
AEO112,ORANGE SWEET OIL 30ml,,Ausganica,11.34,
AEO110,ORANGE SWEET OIL 5ml,,Ausganica,,
AOP03,ORGANIC HERBAL BALM 18.5g,,Ausganica,,
AEO114,PALMAROSA OIL 10ml,,Ausganica,,
AEO115,PALMAROSA OIL 30ml,,Ausganica,,
AEO113,PALMAROSA OIL 5ml,,Ausganica,,
AEO117,PATCHOULI OIL 10ml,,Ausganica,,
AEO118,PATCHOULI OIL 30ml,,Ausganica,,
AEO116,PATCHOULI OIL 5ml,,Ausganica,,
AEO241,PENNYROYAL OIL 10ml,,Ausganica,,
AEO240,PENNYROYAL OIL 5ml,,Ausganica,,
AEO243,PEPPERMINT ARVENSIS OIL 10ml,,Ausganica,,
AEO242,PEPPERMINT ARVENSIS OIL 5ml,,Ausganica,,
AEO120,PEPPERMINT OIL 10ml,,Ausganica,8.49,
AEO121,PEPPERMINT OIL 30ml,,Ausganica,,
AEO119,PEPPERMINT OIL 5ml,,Ausganica,,
AEO123,PETITGRAIN BIGARADE OIL 10ml,,Ausganica,,
AEO124,PETITGRAIN BIGARADE OIL 30ml,,Ausganica,,
AEO122,PETITGRAIN BIGARADE OIL 5ml,,Ausganica,,
AEO245,PETITGRAIN COMBAVA OIL 10ml,,Ausganica,,
AEO244,PETITGRAIN COMBAVA OIL 5ml,,Ausganica,,
AEO247,PINE BLACK OIL 10ml,,Ausganica,,
AEO246,PINE BLACK OIL 5ml,,Ausganica,,
AEO249,PINE DOUGLAS OIL 10ml,,Ausganica,,
AEO248,PINE DOUGLAS OIL 5ml,,Ausganica,,
AEO126,PINE SCOTCH OIL 10ml,,Ausganica,,
AEO127,PINE SCOTCH OIL 30ml,,Ausganica,,
AEO125,PINE SCOTCH OIL 5ml,,Ausganica,,
AEB04,PURIFYING & HEALTH ESSENTIAL OIL BLEND 10ml,,Ausganica,,
AEO129,RAVENSARA OIL 10ml,,Ausganica,,
AEO130,RAVENSARA OIL 30ml,,Ausganica,,
AEO128,RAVENSARA OIL 5ml,,Ausganica,,
AEB05,RELAXATION ESSENTIAL OIL BLEND 10ml,,Ausganica,,
AMO03,RELAXATION OIL 100ml,,Ausganica,,
PHBR01,ROOT STRENGTH SHAMPOO 1000ml,,Ausganica,,
HBR01,ROOT STRENGTH SHAMPOO 250ml,,Ausganica,,
AEO132,ROSALINA OIL 10ml,,Ausganica,,
AEO133,ROSALINA OIL 30ml,,Ausganica,,
AEO131,ROSALINA OIL 5ml,,Ausganica,,
SRS19,ROSE BB CREAM 40g,,Ausganica,,
PHRR04,ROSE BODY LOTION 1000ml,,Ausganica,,
HRR04,ROSE BODY LOTION 250ml,,Ausganica,,
HRR08,ROSE BODY LOTION 30ml,,Ausganica,,
PHRR03,ROSE BODY WASH 1000ml,,Ausganica,,
HRR03,ROSE BODY WASH 250ml,,Ausganica,,
HRR07,ROSE BODY WASH 30ml,,Ausganica,,
SRS02,ROSE CLEANSING OIL 120ml,,Ausganica,,
PSRS02,ROSE CLEANSING OIL 250ml,,Ausganica,,
PHRR02,ROSE CONDITIONER 1000ml,,Ausganica,,
HRR02,ROSE CONDITIONER 250ml,,Ausganica,,
HRR06,ROSE CONDITIONER 30ml,,Ausganica,,
SRS06,ROSE ELIXIR 100ml,,Ausganica,,
PSRS06,ROSE ELIXIR 250ml,,Ausganica,,
PSRS07,ROSE EMULSION 250ml,,Ausganica,,
SRS18,ROSE EMULSION 5ml,,Ausganica,,
SRS07,ROSE EMULSION 80ml,,Ausganica,,
SRS11,ROSE EYE CREAM 15g,,Ausganica,,
PSRS11,ROSE EYE CREAM 50g,,Ausganica,,
PSRS10,ROSE EYE SERUM 125ml,,Ausganica,,
SRS10,ROSE EYE SERUM 30ml,,Ausganica,,
SRS16,ROSE EYE SERUM 5ml,,Ausganica,,
PSRS08,ROSE FACIAL CREAM 100g,,Ausganica,,
SRS08,ROSE FACIAL CREAM 40g,,Ausganica,,
SRS17,ROSE FACIAL CREAM 5g,,Ausganica,,
PSRS05,ROSE FACIAL SERUM 125ml,,Ausganica,,
SRS05,ROSE FACIAL SERUM 30ml,,Ausganica,,
SRS01,ROSE FOAMING CLEANSER 200ml,,Ausganica,,
PSRS01,ROSE FOAMING CLEANSER 500ml,,Ausganica,,
PHOF02,ROSE GERANIUM NOURISHING CONDITIONER 1000ml,,Ausganica,,
HOF02,ROSE GERANIUM NOURISHING CONDITIONER 500ml,,Ausganica,,
PHOF04,ROSE GERANIUM NOURISHING HAND & BODY LOTION 1000ml,,Ausganica,,
HOF16,ROSE GERANIUM NOURISHING HAND & BODY LOTION 30ml,,Ausganica,,
HOF04,ROSE GERANIUM NOURISHING HAND & BODY LOTION 500ml,,Ausganica,,
PHOF03,ROSE GERANIUM NOURISHING HAND & BODY WASH 1000ml,,Ausganica,,
HOF03,ROSE GERANIUM NOURISHING HAND & BODY WASH 500ml,,Ausganica,,
PHOF01,ROSE GERANIUM NOURISHING SHAMPOO 1000ml,,Ausganica,,
HOF01,ROSE GERANIUM NOURISHING SHAMPOO 500ml,,Ausganica,,
PHS03,ROSE GERANIUM SOAP 100g,,Ausganica,,
HRR00,"ROSE HAIR & BODY TRAVEL KIT 4-IN-1 (Rose Shampoo 30ml, Rose Conditioner 30ml, Rose Body Wash 30ml, Rose Body Lotion 30ml)",,Ausganica,,
SRS13,ROSE HAND CREAM 100g,,Ausganica,,
SRS14,ROSE HAND CREAM 40g,,Ausganica,,
SRS12,ROSE HIP BALM 15g,,Ausganica,,
PSRS12,ROSE HIP BALM 50g,,Ausganica,,
ACO13,ROSE HIP OIL 100ml,,Ausganica,,
PSRS09,ROSE HIP OIL 100ml,,Ausganica,,
ACO11,ROSE HIP OIL 10ml,,Ausganica,,
ACO12,ROSE HIP OIL 30ml,,Ausganica,,
SRS09,ROSE HIP OIL 30ml,,Ausganica,,
SRS03,ROSE HYDRATING MIST 100ml,,Ausganica,,
PSRS03,ROSE HYDRATING MIST 250ml,,Ausganica,,
AHD04,ROSE OTTO HYDROSOL 125ml,,Ausganica,,
AEO136,ROSE OTTO OIL 10ml,,Ausganica,357.93,
AEO134,ROSE OTTO OIL 2ml,,Ausganica,,
AEO137,ROSE OTTO OIL 30ml,,Ausganica,,
AEO135,ROSE OTTO OIL 5ml,,Ausganica,,
PST01,ROSE SCENTHERAPY 50ml,,Ausganica,,
PHRR01,ROSE SHAMPOO 1000ml,,Ausganica,,
HRR01,ROSE SHAMPOO 250ml,,Ausganica,,
HRR05,ROSE SHAMPOO 30ml,,Ausganica,,
SRS04,ROSE TONER 100ml,,Ausganica,,
PSRS04,ROSE TONER 250ml,,Ausganica,,
AEO139,ROSEMARY OIL 10ml,,Ausganica,,
AEO140,ROSEMARY OIL 30ml,,Ausganica,,
AEO138,ROSEMARY OIL 5ml,,Ausganica,,
AEO251,ROSEMARY VEBENONE 10ml,,Ausganica,,
AEO250,ROSEMARY VEBENONE 5ml,,Ausganica,,
AEO254,ROSEWOOD 10ml,,Ausganica,,
AEO252,ROSEWOOD 2ml,,Ausganica,,
AEO253,ROSEWOOD 5ml,,Ausganica,,
AEO142,SAGE OIL 10ml,,Ausganica,,
AEO143,SAGE OIL 30ml,,Ausganica,,
AEO141,SAGE OIL 5ml,,Ausganica,,
AEO149,SANDALWOOD OIL 10ml,,Ausganica,,
AEO150,SANDALWOOD OIL 30ml,,Ausganica,,
AEO148,SANDALWOOD OIL 5ml,,Ausganica,,
AEO146,SANDALWOOD PREMIUM OIL 10ml,,Ausganica,,
AEO144,SANDALWOOD PREMIUM OIL 2ml,,Ausganica,,
AEO147,SANDALWOOD PREMIUM OIL 30ml,,Ausganica,,
AEO145,SANDALWOOD PREMIUM OIL 5ml,,Ausganica,,
ACO22,SEABUCKTHORN PULP CO2 EXTRACT 100ml,,Ausganica,,
ACO21,SEABUCKTHORN PULP CO2 EXTRACT 30ml,,Ausganica,,
PHBR05,SILK MILK CONDITIONER 1000ml,,Ausganica,,
HBR05,SILKY MILK CONDITIONER 250ml,,Ausganica,,
HBR10,SILKY MILK CONDITIONER 30ml,,Ausganica,,
AMO04,SLIM and TRIM OIL 100ml,,Ausganica,,
AEO152,SPEARMINT OIL 10ml,,Ausganica,,
AEO153,SPEARMINT OIL 30ml,,Ausganica,,
AEO151,SPEARMINT OIL 5ml,,Ausganica,,
AEO257,ST JOHNS WORT OIL 10ml,,Ausganica,,
AEO255,ST JOHNS WORT OIL 2ml,,Ausganica,,
AEO256,ST JOHNS WORT OIL 5ml,,Ausganica,,
AEO259,STAR ANISE OIL 10ml,,Ausganica,,
AEO258,STAR ANISE OIL 5ml,,Ausganica,,
AEO261,SUGANDHA KOKILA OIL 10ml,,Ausganica,,
AEO260,SUGANDHA KOKILA OIL 5ml,,Ausganica,,
ACO24,TAMANU OIL 100ml,,Ausganica,,
ACO23,TAMANU OIL 30ml,,Ausganica,,
ODT01,TEA TREE DEFENCE TOOTHPASTE 130g,,Ausganica,,
AEO155,TEA TREE OIL 10ml,,Ausganica,,
AEO156,TEA TREE OIL 30ml,,Ausganica,,
AEO154,TEA TREE OIL 5ml,,Ausganica,,
AEO158,THYME OIL 10ml,,Ausganica,,
AEO159,THYME OIL 30ml,,Ausganica,,
AEO157,THYME OIL 5ml,,Ausganica,,
AEO263,THYME RED OIL 10ml,,Ausganica,,
AEO262,THYME RED OIL 5ml,,Ausganica,,
AEO266,TONKA BEAN BUTTER 10ml,,Ausganica,,
AEO264,TONKA BEAN BUTTER 2ml,,Ausganica,,
AEO265,TONKA BEAN BUTTER 5ml,,Ausganica,,
AEO161,VANILLA OLEORESIN 10ml,,Ausganica,,
AEO162,VANILLA OLEORESIN 30ml,,Ausganica,,
AEO160,VANILLA OLEORESIN 5ml,,Ausganica,,
AEO164,VETIVER OIL 10ml,,Ausganica,,
AEO165,VETIVER OIL 30ml,,Ausganica,,
AEO163,VETIVER OIL 5ml,,Ausganica,,
AEO269,WHITE PEPPER OIL 10ml,,Ausganica,,
AEO267,WHITE PEPPER OIL 2ml,,Ausganica,,
AEO268,WHITE PEPPER OIL 5ml,,Ausganica,,
AEO167,WINTERGREEN OIL 10ml,,Ausganica,,
AEO168,WINTERGREEN OIL 30ml,,Ausganica,,
AEO166,WINTERGREEN OIL 5ml,,Ausganica,,
OM01,WOMEN'S INTIMATE WASH 250ml,,Ausganica,,
AEO171,YARROW OIL 10ml,,Ausganica,,
AEO169,YARROW OIL 2ml,,Ausganica,,
AEO172,YARROW OIL 30ml,,Ausganica,,
AEO170,YARROW OIL 5ml,,Ausganica,,
AEO271,YLANG YLANG 1ST GRADE OIL 10ml,,Ausganica,,
AEO270,YLANG YLANG 1ST GRADE OIL 5ml,,Ausganica,,
AEO273,YLANG YLANG 2ND GRADE OIL 10ml,,Ausganica,,
AEO272,YLANG YLANG 2ND GRADE OIL 5ml,,Ausganica,,
AEO275,YLANG YLANG 3RD GRADE OIL 10ml,,Ausganica,,
AEO274,YLANG YLANG 3RD GRADE OIL 5ml,,Ausganica,,
KIK - AEO174,YLANG YLANG COMPLETE OIL 10ml,,Ausganica,17.02,
AEO175,YLANG YLANG COMPLETE OIL 30ml,,Ausganica,,
AEO173,YLANG YLANG COMPLETE OIL 5ml,,Ausganica,,
PHS05,YLANG YLANG SOAP 100g,,Ausganica,,
KIK - BBCONLO,Base Bar Conditioner (Boxed) 120g,,Base Soaps,10.56,
KIK - BBFACED,Base Bar Facial Cleanser Detox (with Charcoal) (Boxed) 110g,,Base Soaps,6.00,
KIK - BBFACER,Base Bar Facial Cleanser Revitalise (with Pink Clay) (Boxed) 110g,,Base Soaps,6.00,
KIK - BS-SB,Base Bar Shampoo (Boxed) 120g,,Base Soaps,7.20,
KIK - 10BBSH,Base Bar Shampoo (Raw Bar) 120g x 10 Disp,,Base Soaps,66.00,
KIK - BBSC,Base Bar Shampoo Cleansing (Boxed) 120g,,Base Soaps,7.20,
KIK - 10BBSC,Base Bar Shampoo Cleansing (Raw Bar) 120g x 10 Disp,,Base Soaps,66.00,
KIK - BBSM,Base Bar Shampoo Moisturising (Boxed) 120g,,Base Soaps,7.20,
KIK - 10BBSM,Base Bar Shampoo Moisturising (Raw Bar) 120g x 10 Disp,,Base Soaps,66.00,
KIK - LBW250SM,Base Body Wash Snowy Mountain 250ml,,Base Soaps,10.56,
KIK - LBW5SM,Base Body Wash Snowy Mountain Refill 5L,,Base Soaps,96.00,
KIK - LBW1SM,Base Body Wash Snowy Mountains Refill 1L,,Base Soaps,20.40,
KIK - LBW250SC,Base Body Wash South Coast 250ml,,Base Soaps,10.56,
KIK - LBW1SC,Base Body Wash South Coast Refill 1L,,Base Soaps,20.40,
KIK - LBW5SC,Base Body Wash South Coast Refill 5L,,Base Soaps,96.00,
KIK - L5US,Base Hand Wash Castile Soap (Unscented) Refill 5L,,Base Soaps,52.80,
KIK - L250CR,Base Hand Wash Cedarwood and Rosemary 250ml,,Base Soaps,10.56,
KIK - L1CR,Base Hand Wash Cedarwood and Rosemary Refill 1L,,Base Soaps,20.40,
KIK - L5CR,Base Hand Wash Cedarwood and Rosemary Refill 5L,,Base Soaps,96.00,
KIK - L5LM,Base Hand Wash Lemon Myrtle Refill 5L,,Base Soaps,96.00,
KIK - BBCBB,Base Soap Bar Body Jasper and Myrtle Cocoa (Boxed) 120g,,Base Soaps,5.94,
KIK-BBCC,Base Soap Bar Coconut Castile (Boxed) 120g,,Base Soaps,4.62,
KIK - 10BBCC,Base Soap Bar Coconut Castile (Raw Bar) 120g x 10 Disp,,Base Soaps,41.58,
KIK - 10BBCR,Base Soap Bar Exfoliating Cedarwood Rosemary (Raw Bar) 120g x 10 Disp,,Base Soaps,41.58,
KIK - BBMW,Base Soap Bar Exfoliating Mintwood (Boxed) 120g,,Base Soaps,4.62,
KIK - 10BBMW,Base Soap Bar Exfoliating Mintwood (Raw Bar) 120g x 10 Disp,,Base Soaps,41.58,
KIK - 10BBGPC,Base Soap Bar Geranium and Pink Clay (Raw Bar) 120g x 10 Disp,,Base Soaps,41.58,
KIK-BBLAV,Base Soap Bar Lavender and Green Clay (Boxed) 120g,,Base Soaps,4.62,
KIK - 10BBLAV,Base Soap Bar Lavender and Green Clay (Raw Bar) 120g x 10 Disp,,Base Soaps,41.58,
KIK - 10BBLM,Base Soap Bar Lemon Myrtle (Raw Bar) 120g x 10 Disp,,Base Soaps,41.58,
KIK - SRB,Base Soap Bar Solstice Ritual Bar (Boxed) 120g,,Base Soaps,7.17,
KIK - BS-CDRM,Base Soaps  Cedarwood & Rosemary,,Base Soaps,4.62,
KIK - BS-GPC,Base Soaps Geranium & Pink Clay Bar Soap,,Base Soaps,4.62,
KIK - BS-LMB,Base Soaps Lemon Myrtle Bar Soap,,Base Soaps,4.62,
KIK - BS-LMHW250,Base Soaps Lemon Myrtle Hand Wash 250ml,,Base Soaps,10.56,
KIK - BS-LMHW1L,Base Soaps Lemon Myrtle Hand Wash Refill 1L,,Base Soaps,20.40,
KIK - L20TU,Castile Soap 20L,,Base Soaps,,
KIK - ORG104,Biolgika Sensitive Shampoo 500ml,,Biologika,7.42,
KIK - ORG69,Biologika Citrus Rose Conditioner 1L,,Biologika,12.98,
KIK - ORG72,Biologika Citrus Rose Conditioner 500ml,,Biologika,7.06,
KIK - ORG68,Biologika Citrus Rose Shampoo 1L,,Biologika,12.98,
KIK - ORG70,Biologika Citrus Rose Shampoo 500ml,,Biologika,6.80,
KIK - ORG77,Biologika Citrus Rose Veggie Cream 100g,,Biologika,7.12,
KIK - ORG34,Biologika Coconut & Lime Handwash 250ml,,Biologika,5.71,
KIK - ORG322,Biologika Coconut & Vanilla Body Lotion 250ml,,Biologika,11.41,
KIK - ORG35,Biologika Coconut Body Wash 500ml,,Biologika,7.42,
KIK - ORG33,Biologika Coconut Conditioner 1L,,Biologika,13.52,
KIK - ORG32,Biologika Coconut Conditioner 500ml,,Biologika,7.42,
KIK - ORG33-15,Biologika Coconut Conditioner Bulk 15L,,Biologika,168.89,
KIK - ORG36-15,Biologika Coconut Hand & Body Wash Bulk 15L,,Biologika,168.89,
KIK - ORG31,Biologika Coconut Shampoo 1L,,Biologika,13.52,
KIK - ORG30,Biologika Coconut Shampoo 500ml,,Biologika,7.42,
KIK - ORG31-15,Biologika Coconut Shampoo Bulk 15L,,Biologika,168.89,
KIK - ORG37,Biologika Coconut Veggie Cream 100g,,Biologika,7.42,
KIK - ORG108-CO,Biologika Fragrance Free Deodorant 70ml,,Biologika,6.88,
KIK - ORG311-15,Biologika Lavender & Ylang Ylang Conditioner Bulk 15L,,Biologika,239.64,
KIK - ORG310-15,Biologika Lavender & Ylang Ylang Shampoo Bulk 15L,,Biologika,239.64,
KIK - ORG55,Biologika Lavender Body Wash 500ml,,Biologika,7.12,
KIK - ORG15-CO,Biologika Lavender Fields Deodorant 70ml,,Biologika,6.88,
KIK - ORG56-15,Biologika Lavender Hand & Body Wash Bulk 15L,,Biologika,168.89,
KIK - ORG54,Biologika Lavender Hand Wash 250ml,,Biologika,5.71,
KIK - ORG01,Biologika Lavender Soap 100g,,Biologika,3.14,
KIK - ORG13-CO,Biologika Lemon Kiss Deodorant 70ml,,Biologika,6.88,
KIK - ORG45,Biologika Lemon Myrtle Body Wash 500ml,,Biologika,7.42,
KIK - ORG59,Biologika Lemon Myrtle Conditioner 1L,,Biologika,13.52,
KIK - ORG42,Biologika Lemon Myrtle Conditioner 500ml,,Biologika,7.42,
KIK - ORG58,Biologika Lemon Myrtle Shampoo 1L,,Biologika,13.52,
KIK - ORG40,Biologika Lemon Myrtle Shampoo 500ml,,Biologika,7.12,
KIK - ORG06,Biologika Lemon Scented Tea Tree Soap 100g,,Biologika,3.14,
KIK - ORG10-CO,Biologika Live It Up Deodorant 70ml,,Biologika,6.88,
KIK - ORG323,Biologika Mandarin & Vanilla Body Lotion 250ml,,Biologika,11.41,
KIK - ORG321,Biologika Organic Rosehip Oil (ACO) 25ml,,Biologika,13.28,
KIK - RC14,Biologika Relaxing Body & Bath Oil 250ml,,Biologika,7.85,
KIK - ORG02,Biologika Rose Geranium Soap 100g,,Biologika,3.14,
KIK - ORG105,Biologika Sensitive Conditioner 500ml,,Biologika,7.42,
KIK - ORG22,Biologika Sensitive Fragrance Free Body Wash 500ml,,Biologika,7.42,
KIK - ORG20,Biologika Sensitive Fragrance Free Hand Wash 250ml,,Biologika,5.71,
KIK - RC15,Biologika Uplifting Bath & Body Oil 250ml,,Biologika,7.85,
KIK - ORG14-CO,Biologika Vanilla Deodorant 70ml,,Biologika,6.88,
KIK - Coarse Salt,Pink Himalayan Coarse Cooking Salt 1kg,,Crystal Mines,3.50,
KIK - Fine salt,Pink Himalayan Fine Cooking Salt 1kg,,Crystal Mines,3.50,
KIK - ECL01,ECOLogic Australian Lavender Laundry Liquid 1L,,EcoLogic,7.51,
KIK - ECL01-15,ECOLogic Australian Lavender Laundry Liquid BULK 15L,,EcoLogic,86.45,
KIK - ECB01,ECOLogic Citrus & Tea Tree Bathroom Cleaning Spray 500ml,,EcoLogic,5.04,
KIK - ECL02,ECOLogic Citrus Fusion Laundry Liquid 1L,,EcoLogic,7.51,
KIK - ECL02-15,ECOLogic Citrus Fusion Laundry Liquid BULK 15L,,EcoLogic,90.08,
KIK - ECA06,ECOLogic Eucalyptus Mint Room Air Freshener 125ml,,EcoLogic,6.75,
KIK - ECL05,ECOLogic Eucalyptus Wool Wash 1L,,EcoLogic,7.51,
KIK - ECL06,ECOLogic Fabric Stain Remover Spray 500ml,,EcoLogic,5.04,
KIK - ECK06,ECOLogic Fruit & Veggie Wash Fragrance Free 500ml,,EcoLogic,5.25,
KIK - ECA02,ECOLogic Invoke Room Air Freshener 125m,,EcoLogic,6.96,
KIK - ECL04,ECOLogic Lavender & Aloe Vera Fabric Softener 1L,,EcoLogic,8.40,
KIK - ECK03,ECOLogic Lemon & Lime Dishwashing Liquid 500ml,,EcoLogic,5.25,
KIK - ECK03-15,ECOLogic Lemon & Lime Dishwashing Liquid BULK 15L,,EcoLogic,135.11,
KIK - ECB02,ECOLogic Mirror & Glass Sparkle 500ml,,EcoLogic,4.81,
KIK - ECB03,ECOLogic Pine & Lemon Eucalyptus Toilet Cleaning Gel 500ml,,EcoLogic,5.25,
KIK - ECB03-15,ECOLogic Pine & Lemon Eucalyptus Toilet Cleaning Gel BULK 15L,,EcoLogic,123.85,
KIK - ECH01-15,ECOLogic Rose Geranium Floor Cleaner BULK 15L,,EcoLogic,90.08,
KIK - ECH01,ECOLogic Rose Geranium Tile & Floor Cleaner 1L,,EcoLogic,7.59,
KIK - ECL08,ECOLogic Sensitive Fabric Softener Fragrance Free 1L,,EcoLogic,8.21,
KIK - ECL07,ECOLogic Sensitive Laundry Liquid Fragrance Free 1L,,EcoLogic,7.63,
KIK - ECK02,EcoLogic Sweet Orange & Clementine Dishwashing Liquid 500ml,,EcoLogic,5.25,
KIK - ECK02-15,ECOLogic Sweet Orange & Clementine Dishwashing Liquid BULK 15L,,EcoLogic,135.11,
KIK - ECH02,EcoLogic Sweet Orange & Tangerine Everyday Cleaner 500ml,,EcoLogic,4.81,
Other - Discounts,Discounts,,Elevate Wholesale,,
KIK - TRG3IN1,Eucoclean 3-in-1 Antibacterial Spray Cleaner 750ml,,Elevate Wholesale,6.22,
KIK - TRGOWK,Eucoclean Weed Killer 750ml,,Elevate Wholesale,6.22,
FFF-AUS,Freight Fees - TBD,,Elevate Wholesale,1.00,
KIK - TEE-ASHW-50,Teelixir Organic Ashwagandha Root (10:1),50g,Elevate Wholesale,22.55,
KIK - TEE-ASHW-100,Teelixir Organic Ashwagandha Root (10:1),100g,Elevate Wholesale,36.07,
KIK - TEE-ASHW-500,Teelixir Organic Ashwagandha Root (10:1),500g,Elevate Wholesale,120.00,
KIK - TEE-ASHW-1000,Teelixir Organic Ashwagandha Root (10:1),1kg,Elevate Wholesale,240.00,
MPVG1KG,Vital Greens All In One 1kg,,Elevate Wholesale,126.95,
KIK - EXBLAH5,Exmild Algae Hydrating Body Lotion 500ml,,Exmild,11.34,
KIK - EXBWAH1,Exmild Algae Hydrating Body Wash 1L,,Exmild,11.34,
KIK - EXBWAH5,Exmild Algae Hydrating Body Wash 500ml,,Exmild,6.79,
KIK - EXCFAH15,Exmild Algae Hydrating Cleansing Foam 150ml,,Exmild,6.79,
KIK - EXHWTA5,Exmild Algae Hydrating Cleansing Foam 150ml,,Exmild,6.79,
KIK - EXHCAH1,Exmild Algae Hydrating Conditioner 1L,,Exmild,13.61,
KIK - EXHCAH5,Exmild Algae Hydrating Conditioner 500ml,,Exmild,8.49,
KIK - EXHSAH1,Exmild Algae Hydrating Shampoo 1L,,Exmild,13.61,
KIK - EXHSAH5,Exmild Algae Hydrating Shampoo 500ml,,Exmild,8.49,
KIK - EXBLAM5,Exmild Amino Acid Mild Body Lotion 500ml,,Exmild,11.34,
KIK - EXBWAM1,Exmild Amino Acid Mild Body Wash 1L,,Exmild,11.34,
KIK - EXBWAM5,Exmild Amino Acid Mild Body Wash 500ml,,Exmild,6.79,
KIK - EXCFAM15,Exmild Amino Acid Mild Cleansing Foam 150ml,,Exmild,6.79,
KIK - EXHWRN5,Exmild Amino Acid Mild Cleansing Foam 150ml,,Exmild,6.79,
KIK - EXHCAM1,Exmild Amino Acid Mild Conditioner 1L,,Exmild,13.61,
KIK - EXHCAM5,Exmild Amino Acid Mild Conditioner 500ml,,Exmild,8.49,
KIK - EXHSAM1,Exmild Amino Acid Mild Shampoo 1L,,Exmild,13.61,
KIK - EXHSAM5,Exmild Amino Acid Mild Shampoo 500ml,,Exmild,8.49,
KIK - EXHCCV1,Exmild Citrus Volumising Conditioner 1L,,Exmild,13.61,
KIK - EXHCCV5,Exmild Citrus Volumising Conditioner 500ml,,Exmild,8.49,
KIK - EXHSCV1,Exmild Citrus Volumising Shampoo 1L,,Exmild,13.61,
KIK - EXHSCV5,Exmild Citrus Volumising Shampoo 500ml,,Exmild,8.49,
KIK - EXBLRN5,Exmild Rose Nourishing Body Lotion 500ml,,Exmild,11.34,
KIK - EXBWRN1,Exmild Rose Nourishing Body Wash 1L,,Exmild,11.34,
KIK - EXBWRN5,Exmild Rose Nourishing Body Wash 500ml,,Exmild,6.79,
KIK - EXHCRN1,Exmild Rose Nourishing Conditioner 1L,,Exmild,13.61,
KIK - EXHCRN5,Exmild Rose Nourishing Conditioner 500ml,,Exmild,8.49,
KIK - EXCFRN15,Exmild Rose Nourishing Hand Wash 500ml,,Exmild,6.79,
KIK - EXHSRN1,Exmild Rose Nourishing Shampoo 1L,,Exmild,13.61,
KIK - EXHSRN5,Exmild Rose Nourishing Shampoo 500ml,,Exmild,8.49,
KIK - EXBLTP5,Exmild Tea Tree Purifying Body Lotion 500ml,,Exmild,11.34,
KIK - EXBWTP1,Exmild Tea Tree Purifying Body Wash 1L,,Exmild,11.34,
KIK - EXBWTP5,Exmild Tea Tree Purifying Body Wash 500ml,,Exmild,9.53,
KIK - EXCFTP15,Exmild Tea Tree Purifying Cleansing Foam 150ml,,Exmild,6.79,
KIK - EXHCTP1,Exmild Tea Tree Purifying Conditioner 1L,,Exmild,13.61,
KIK - EXHCTP5,Exmild Tea Tree Purifying Conditioner 500ml,,Exmild,9.53,
KIK - EXHSTP1,Exmild Tea Tree Purifying Shampoo 1L,,Exmild,13.61,
KIK - EXHSTP5,Exmild Tea Tree Purifying Shampoo 500ml,,Exmild,8.49,
KIK - EXHWTA500,Exmild Tee Tree Antibacterial Hand Wash 500ml,,Exmild,,
KIK - EXHWTA6,Tea Tree Purifying Cleansing Foam 150ml,,Exmild,6.79,
KIK - EXA-FLU-375,Extremely Alive Flu Shot Wellness Tonic 375ml,,Extremely Alive,15.00,
KIK - EXA-Horny-375,Extremely Alive Happy and Horny Wellness Tonic 375ml,,Extremely Alive,15.00,
KIK - KHOF20,Kialla Organic Khorasan Flour 20kg,,Kialla Pure Foods,114.24,
KIK - PSVC600,Kialla Organic Vegan Protein Smoothie Vanilla Coconut 600g,,Kialla Pure Foods,17.92,
KIK - WAFC2,Kialla Organic Waffle Mix Classic	2kg,,Kialla Pure Foods,15.14,
KIK - SGSR20,Kialla Pure Foods - Organic Stoneground Wholegrain Self Raising Flour 20kg,,Kialla Pure Foods,76.00,
KIK - SK20,Kialla Pure Foods - Organic Sunflower Kernels 20kg,,Kialla Pure Foods,235.88,
KIK - WB15,Kialla Pure Foods - Organic Wheat Bran 15kg,,Kialla Pure Foods,32.15,
KIK - POPIC20,Kialla Pure Foods In-Conversion to Organic Popping Corn 20kg,,Kialla Pure Foods,76.25,
KIK - BMASG10,Kialla Pure Foods Organic Ancient Grains & Seed Sourdough Mix 10kg,,Kialla Pure Foods,64.14,
KIK - GMC20,Kialla Pure Foods Organic Ancient Seeds and Grain Mix Concentrate 20kg,,Kialla Pure Foods,136.00,
KIK - WUBP20,Kialla Pure Foods Organic Artisan Flour 20kg (was Bakers Protein 11.0 flour),,Kialla Pure Foods,72.24,
KIK - BF20,Kialla Pure Foods Organic Barley Flour 20kg,,Kialla Pure Foods,131.58,
KIK - BF700,Kialla Pure Foods Organic Barley Flour 700g,,Kialla Pure Foods,6.51,
KIK - BG20,Kialla Pure Foods Organic Barley Grain 20kg,,Kialla Pure Foods,65.45,
KIK - BES20,Kialla Pure Foods Organic Besan Flour 20kg,,Kialla Pure Foods,137.40,
KIK - BES400,Kialla Pure Foods Organic Besan Flour 400g,,Kialla Pure Foods,5.57,
KIK - BES5,Kialla Pure Foods Organic Besan Flour 5kg,,Kialla Pure Foods,45.81,
KIK - LF20,Kialla Pure Foods Organic Bread and Pizza Flour 20kg,,Kialla Pure Foods,69.59,
KIK - LF700,Kialla Pure Foods Organic Bread and Pizza Flour 700g,,Kialla Pure Foods,5.57,
KIK - BMASG450,Kialla Pure Foods Organic Bread Mix Ancient Seeds & Grains Sourdough 450g,,Kialla Pure Foods,5.09,
KIK - BMCS450,Kialla Pure Foods Organic Bread Mix Classic Sourdough 450g,,Kialla Pure Foods,5.09,
KIK - BMSL10,Kialla Pure Foods Organic Bread Mix Soy & Linseed Sourdough 10kg,,Kialla Pure Foods,55.58,
KIK - BMSL450,Kialla Pure Foods Organic Bread Mix Soy & Linseed Sourdough 450g,,Kialla Pure Foods,5.09,
KIK - RBFIM20,Kialla Pure Foods Organic Brown Rice Flour 20kg,,Kialla Pure Foods,120.94,
KIK - RBFIM400,Kialla Pure Foods Organic Brown Rice Flour 400g,,Kialla Pure Foods,5.60,
KIK - BWFIM20,Kialla Pure Foods Organic Buckwheat Flour 20kg,,Kialla Pure Foods,158.32,
KIK - BWFIM400,Kialla Pure Foods Organic Buckwheat Flour 400g,,Kialla Pure Foods,5.25,
KIK - BWFIM5,Kialla Pure Foods Organic Buckwheat Flour 5kg,,Kialla Pure Foods,43.98,
KIK - BWKIM20,Kialla Pure Foods Organic Buckwheat Kernels 20kg,,Kialla Pure Foods,120.01,
KIK - CPS20,Kialla Pure Foods Organic Chick Pea Splits 20kg,,Kialla Pure Foods,128.37,
KIK - CPS400,Kialla Pure Foods Organic Chick Pea Splits 400g,,Kialla Pure Foods,4.90,
KIK - HM20,Kialla Pure Foods Organic Hulled Millet 20kg,,Kialla Pure Foods,121.31,
KIK - HM400,Kialla Pure Foods Organic Hulled Millet 400g,,Kialla Pure Foods,5.25,
KIK - BMKS10,Kialla Pure Foods Organic KAMUT Blend Sourdough Mix 10kg,,Kialla Pure Foods,53.26,
KAM20,Kialla Pure Foods Organic KAMUT® Flour 20kg,,Kialla Pure Foods,108.80,
KIK - KBW20,Kialla Pure Foods Organic Kibbled Wheat 20kg,,Kialla Pure Foods,72.37,
KIK - LIN20,Kialla Pure Foods Organic Linseed 20kg,,Kialla Pure Foods,179.03,
KIK - LIN300,Kialla Pure Foods Organic Linseed 300g,,Kialla Pure Foods,5.25,
KIK - MF20,Kialla Pure Foods Organic Millet Flour 20kg,,Kialla Pure Foods,154.54,
KIK - MB20,Kialla Pure Foods Organic Mung Beans 20kg,,Kialla Pure Foods,88.78,
KIK - MB400,Kialla Pure Foods Organic Mung Beans 400g,,Kialla Pure Foods,4.90,
KIK - OG20,Kialla Pure Foods Organic Oat Groats 20kg,,Kialla Pure Foods,134.71,
KIK - ONOAC300,Kialla Pure Foods Organic Overnight Oats Apple Cinnamon 300g,,Kialla Pure Foods,5.95,
KIK - ONOHB300,Kialla Pure Foods Organic Overnight Oats Honey Banana 300g,,Kialla Pure Foods,5.59,
KIK - ONOMV300,Kialla Pure Foods Organic Overnight Oats Maple Vanilla 300g,,Kialla Pure Foods,5.95,
KIK - PCBMIM20,Kialla Pure Foods Organic Pancake Mix Buckwheat 20kg,,Kialla Pure Foods,147.00,
KIK - PCB325,Kialla Pure Foods Organic Pancake Mix Buckwheat 325g,,Kialla Pure Foods,5.99,
KIK - PCOM20,Kialla Pure Foods Organic Pancake Mix Original 20kg,,Kialla Pure Foods,143.50,
KIK - PCO325,Kialla Pure Foods Organic Pancake Mix Original 325g,,Kialla Pure Foods,5.47,
KIK - PB20,Kialla Pure Foods Organic Pearl Barley 20kg,,Kialla Pure Foods,78.90,
KIK - PB400,Kialla Pure Foods Organic Pearl Barley 400g,,Kialla Pure Foods,5.25,
KIK - POP400,Kialla Pure Foods Organic Popping Corn 400g,,Kialla Pure Foods,4.87,
KIK - POP5,Kialla Pure Foods Organic Popping Corn 5kg,,Kialla Pure Foods,25.56,
KIK - ONOPCC300,Kialla Pure Foods Organic Protein Overnight Oats Creamy Coconut 300g,,Kialla Pure Foods,6.30,
KIK - PSC600,Kialla Pure Foods Organic Protein Smoothie Cacao 600g,,Kialla Pure Foods,20.99,
KIK - PSV600,Kialla Pure Foods Organic Protein Smoothie Vanilla 600g,,Kialla Pure Foods,20.99,
KIK - ROQIM20,Kialla Pure Foods Organic Quick Oats 20kg,,Kialla Pure Foods,98.40,
KIK - ROQIM500,Kialla Pure Foods Organic Quick Oats 500g,,Kialla Pure Foods,5.95,
KIK - ROSIM1,Kialla Pure Foods Organic Rolled Oats 1kg,,Kialla Pure Foods,9.36,
KIK - ROSIM25,Kialla Pure Foods Organic Rolled Oats 25kg,,Kialla Pure Foods,136.00,
KIK - ROSIM600,Kialla Pure Foods Organic Rolled Oats 500g,,Kialla Pure Foods,5.60,
KIK - ROSIM5,Kialla Pure Foods Organic Rolled Oats 5kg,,Kialla Pure Foods,32.95,
KIK - POL20,Kialla Pure Foods Organic Rustic Polenta 20kg,,Kialla Pure Foods,93.17,
KIK - POL400,Kialla Pure Foods Organic Rustic Polenta 400g,,Kialla Pure Foods,5.25,
KIK - RYE20,Kialla Pure Foods Organic Rye Grain 20kg,,Kialla Pure Foods,72.02,
KIK - GMSL20,Kialla Pure Foods Organic Soy and Linseed Grain Mix Concentrate 20kg,,Kialla Pure Foods,141.29,
KIK - SF20,Kialla Pure Foods Organic Soya Bean Flour 20kg,,Kialla Pure Foods,121.34,
KIK - SB20,Kialla Pure Foods Organic Soya Beans 20kg,,Kialla Pure Foods,110.39,
KIK - SB400,Kialla Pure Foods Organic Soya Beans 400g,,Kialla Pure Foods,4.19,
KIK - SPFIM20,Kialla Pure Foods Organic Spelt Flour 20kg (White),,Kialla Pure Foods,169.64,
KIK - SPFIM5,Kialla Pure Foods Organic Spelt Flour 5kg,,Kialla Pure Foods,55.02,
KIK - SPFIM700,Kialla Pure Foods Organic Spelt Flour 700g,,Kialla Pure Foods,9.45,
KIK - SFS20,Kialla Pure Foods Organic Sprouting Sunflower Seeds 20kg,,Kialla Pure Foods,146.71,
KIK - KAMSG20,Kialla Pure Foods Organic Stoneground Wholegrain KAMUT® Flour 20kg,,Kialla Pure Foods,92.78,
KIK - KAMSG700,Kialla Pure Foods Organic Stoneground Wholegrain KAMUT® Flour 700g,,Kialla Pure Foods,6.36,
KIK - SG10,Kialla Pure Foods Organic Stoneground Wholegrain Plain Flour 10kg,,Kialla Pure Foods,32.67,
KIK - SG1,Kialla Pure Foods Organic Stoneground Wholegrain Plain Flour 1kg,,Kialla Pure Foods,5.57,
KIK - SG5,Kialla Pure Foods Organic Stoneground Wholegrain Plain Flour 5kg,,Kialla Pure Foods,27.27,
KIK - SGSR5,Kialla Pure Foods Organic Stoneground Wholegrain Self Raising Flour 5kg,,Kialla Pure Foods,24.43,
KIK - SGSR700,Kialla Pure Foods Organic Stoneground Wholegrain Self Raising Flour 700g,,Kialla Pure Foods,5.11,
KIK - SK300,Kialla Pure Foods Organic Sunflower Kernels 300g,,Kialla Pure Foods,6.65,
KIK - SFORBD20,Kialla Pure Foods Organic Sunflower Oil (RBD) 20L,,Kialla Pure Foods,218.69,
KIK - WUB1,Kialla Pure Foods Organic Unbleached Plain Flour 1kg,,Kialla Pure Foods,5.57,
KIK - WUB5,Kialla Pure Foods Organic Unbleached Plain Flour 5kg,,Kialla Pure Foods,27.27,
KIK - SRUB1,Kialla Pure Foods Organic Unbleached Self Raising Flour 1kg,,Kialla Pure Foods,5.95,
KIK - SRUB20,Kialla Pure Foods Organic Unbleached Self Raising Flour 20kg,,Kialla Pure Foods,76.71,
KIK - SRUB5,Kialla Pure Foods Organic Unbleached Self Raising Flour 5kg,,Kialla Pure Foods,27.91,
KIK - CF20,Kialla Pure Foods Organic Unbleached Soft Cake Flour 20kg,,Kialla Pure Foods,68.81,
KIK - CF700,Kialla Pure Foods Organic Unbleached Soft Cake Flour 700g,,Kialla Pure Foods,5.11,
KIK - PCV325,Kialla Pure Foods Organic Vegan Pancake Mix Vanilla 325g,,Kialla Pure Foods,5.47,
KIK - ONOPGV300,Kialla Pure Foods Organic Vegan Protein Overnight Oats Goji Vanilla 300g,,Kialla Pure Foods,6.30,
KIK - WB100,Kialla Pure Foods Organic Wheat Bran 100g,,Kialla Pure Foods,4.19,
KIK - WT20,Kialla Pure Foods Organic Wheat Grain 20kg,,Kialla Pure Foods,71.73,
KIK - WT400,Kialla Pure Foods Organic Wheat Grain 400g,,Kialla Pure Foods,4.19,
KIK - WT5,Kialla Pure Foods Organic Wheat Grain 5kg,,Kialla Pure Foods,21.77,
KIK - WP25,Kialla Pure Foods Organic Wheat Pollard 25kg,,Kialla Pure Foods,42.79,
KIK - QUFWIM20,Kialla Pure Foods Organic White Quinoa Flour 20kg,,Kialla Pure Foods,258.54,
KIK - QUWIM20,Kialla Pure Foods Organic White Quinoa Grain 20kg,,Kialla Pure Foods,231.00,
KIK - SOWF20,Kialla Pure Foods Organic White Sorghum Flour 20kg,,Kialla Pure Foods,110.53,
KIK - SOWF700,Kialla Pure Foods Organic White Sorghum Flour 700g,,Kialla Pure Foods,7.00,
KIK - RFIM20,Kialla Pure Foods Organic Wholegrain Rye Flour 20kg,,Kialla Pure Foods,82.80,
KIK - RFIM5,Kialla Pure Foods Organic Wholegrain Rye Flour 5kg,,Kialla Pure Foods,30.64,
KIK - RF700,Kialla Pure Foods Organic Wholegrain Rye Flour 700g,,Kialla Pure Foods,7.00,
KIK - SPFSGIM20,Kialla Pure Foods Organic Wholegrain Spelt Flour 20kg,,Kialla Pure Foods,134.40,
KIK - SPFSGIM5,Kialla Pure Foods Organic Wholegrain Spelt Flour 5kg,,Kialla Pure Foods,51.96,
KIK - SPFSGIM700,Kialla Pure Foods Organic Wholegrain Spelt Flour 700g,,Kialla Pure Foods,9.59,
KIK - WM20,Kialla Pure Foods Organic Wholemeal Wheat Flour 20kg,,Kialla Pure Foods,71.55,
KIK - MAF20,Kialla Pure Foods Organic Yellow Maize Flour 20kg,,Kialla Pure Foods,93.17,
KIK - MAF400,Kialla Pure Foods Organic Yellow Maize Flour 400g,,Kialla Pure Foods,4.89,
KIK - WUB10,Kialla Pure Organics -  Organic Unbleached Plain Flour 10kg,,Kialla Pure Foods,35.12,
KIK - SG20,Kialla Pure Organics Organic Stoneground Wholegrain Bakers Flour 20kg,,Kialla Pure Foods,67.40,
KIK - WAFC325,Kialla Pure Organics Organic Waffle Mix Classic 325g,,Kialla Pure Foods,5.47,
KIK - WUB12.5,Kialla Pure Organics Unbleached Plain Organic Bakers Flour 12.5kg,,Kialla Pure Foods,41.14,
KIK - WUB20,Kialla Pure Organics Unbleached Plain Organic Bakers Flour 20kg,,Kialla Pure Foods,67.39,
ONOBC300,Organic Overnight Oats Blueberry Cinnamon	300g,,Kialla Pure Foods,5.59,
KIK - ONOC300,Organic Overnight Oats Cacao 300g,,Kialla Pure Foods,5.95,
ROQCD300,Organic Quick Oats Cookie Dough 300 g,,Kialla Pure Foods,5.95,
ROQLM300,Organic Quick Oats Lamington 300 g,,Kialla Pure Foods,5.95,
KIK - ROSIM500,Organic Rolled Oats 500g,,Kialla Pure Foods,5.60,
KIK - EXTA - FluShot,40ml Mini - 2 Shot,,Kikai Markets,,
KIK - EXTA - GutBalance,40ml Mini - 2 Shot,,Kikai Markets,,
KIK - EXTA - HappyHorny,40ml Mini - 2 Shot,,Kikai Markets,,
KIK - EXTA - SpikeyTea,40ml Mini - 2 Shot,,Kikai Markets,,
KIK - EXTA - BrainBoost,40ml Mini - 2 shots,,Kikai Markets,,
KIK - EXTA - DetoxCleanse,40ml Mini - 2 shots,,Kikai Markets,,
KIK - WBS,Australian Bush Spices Balsamic infused with Wattleseed 250ml,,Kikai Markets,7.90,
KIK - OOM,Australian Bush Spices Olive Oil infused with Lemon Myrtle 250ml,,Kikai Markets,7.90,
KIK - 13603,Biody Organic Hand Sanitiser Pump 100ml,,Kikai Markets,8.17,
KIK - 13603-1,Biody Sanitiser gel 80ml,,Kikai Markets,4.95,
KIK - BOD-NHM250,BodFood Nourishing Hydration Mask 250ml,,Kikai Markets,23.99,
KIK - BOD-DS60,BodFood Organic Dry Shampoo 60g,,Kikai Markets,17.99,
KIK - BOD-SSP125,BodFood Organic Voluminous Sea Salt Spray 125ml,,Kikai Markets,20.49,
NH - RCUP -  RCBDC,Brown Rice Cakes With Belgian Dark Chocolate  30g ( 10x9),,Kikai Markets,,
NH - RCUP - RCBMC,Brown Rice Cakes With Belgian Milk Chocolate  30g ( 10x9),,Kikai Markets,,
NH - RCUP - RCBWC,Brown Rice Cakes With Belgian White Chocolate 30g (10x9),,Kikai Markets,94.50,
KIK - CHI-COOLP-500,Chiron Cactus & Olive Oil Laundry Powder 500g,,Kikai Markets,9.95,
Clearance - GST,Clearance items not in stock - With GST,,Kikai Markets,,
Clearance,Clearance products not in stock - GST EXEMPT,,Kikai Markets,,
KIK - PLAD17-100W,Eco SouLife 100pc Straight PLA Straws,,Kikai Markets,3.41,
KIK - PLAD17-100B,Eco SouLife 100pc Straight PLA Straws Black,,Kikai Markets,3.41,
KIK - PLAD17-100R,Eco SouLife 100pc Straight PLA Straws Red,,Kikai Markets,3.41,
KIK - WO19-0010,"Eco SouLife 24pc Wooden Colored Cutlery Set: 8 x Fork, 8 x Knife, 8 x Spoon",,Kikai Markets,2.75,
KIK - WSR19-1010,Eco SouLife 5 Compartment Serving Tray 2pc / Pack,,Kikai Markets,2.75,
KIK - PH12-020NT,Eco SouLife Areca Nut Leaf Bowls 12pc,,Kikai Markets,6.05,
KIK - PH12-022NT,Eco SouLife Areca Nut Leaf Dinner Plates 12pc,,Kikai Markets,6.93,
KIK - PL15-2001NT,Eco SouLife Areca Nut Leaf Divided Plates 5pc,,Kikai Markets,5.72,
KIK - PL16-2028US,Eco SouLife Areca Nut Leaf Large Serving Tray 3pc,,Kikai Markets,6.30,
KIK - PH12-024NT,Eco SouLife Areca Nut Leaf Large Square Plates 5pc,,Kikai Markets,2.75,
KIK - PL18-2029NT,Eco SouLife Areca Nut Leaf Medium Oval Serving Tray 3pc,,Kikai Markets,6.82,
KIK - PL18-2030NT,Eco SouLife Areca Nut Leaf Mini Bowls 12pc,,Kikai Markets,3.85,
KIK - PL16-2003NT,Eco SouLife Areca Nut Leaf Rectangle Plates 5pc,,Kikai Markets,3.30,
KIK - PL20-1005NT,Eco SouLife Areca Nut Leaf Salad Bowl 3pc,,Kikai Markets,13.75,
KIK - PH12-021NT,Eco SouLife Areca Nut Leaf Side Plates 12pc,,Kikai Markets,5.61,
KIK - PL16-2016NT,Eco SouLife Areca Nut Leaf Square Plates with Rib 5pc,,Kikai Markets,3.30,
KIK - PL16-2018NT,Eco SouLife Areca Nut Leaf Square Plates with Rib 5pc,,Kikai Markets,2.20,
KIK - SC19-0010NT,Eco SouLife Back to Nature Sugar Cane Straw 50pc,,Kikai Markets,4.00,
KIK - BMS18-0001,Eco SouLife Bamboo Straw 8pc with Brush in canvas bag,,Kikai Markets,7.92,
KIK - BDH-0035BL,Eco SouLife Cornstarch 140pc Dinner Set Black,,Kikai Markets,19.80,
KIK - BDH-0035NT,Eco SouLife Cornstarch 140pc Dinner Set Natural,,Kikai Markets,19.80,
KIK - CS18--2029BL,Eco SouLife Cornstarch 84pc Dinner Set Black,,Kikai Markets,13.42,
KIK - CS18--2029NT,Eco SouLife Cornstarch 84pc Dinner Set Natural,,Kikai Markets,13.42,
KIK - BC001BL,Eco SouLife Cornstarch Cutlery Set 24pc Black,,Kikai Markets,3.85,
KIK - BC001NT,Eco SouLife Cornstarch Cutlery Set 24pc Natural,,Kikai Markets,3.85,
KIK - CS21--2043BL,"Eco SouLife Disposable Set 84 Pc: 12 x 8 Oz Cups, 16 Oz Bowls, 9” Dinner Plates, 7” Side Plates, Wooden Forks, Wooden Spoons, Wooden Knives Black",,Kikai Markets,13.42,
KIK - CS21--2043NT,"Eco SouLife Disposable Set 84 Pc: 12 x 8 Oz Cups, 16 Oz Bowls, 9” Dinner Plates, 7” Side Plates, Wooden Forks, Wooden Spoons, Wooden Knives Natural",,Kikai Markets,13.42,
KIK - NK17-3002NS,Eco SouLife Recyled Paper Napkins 50pc,,Kikai Markets,2.20,
KIK - SCFS19-0012NT,Eco SouLife Sugar Cane Straw 2000pc,,Kikai Markets,91.56,
KIK - WO20-0014,Eco SouLife Wooden Fork 20pc,,Kikai Markets,1.32,
KIK - WO20-0015,Eco SouLife Wooden Knife 20pc,,Kikai Markets,1.32,
KIK - WO20-0016,Eco SouLife Wooden Spoon 20pc,,Kikai Markets,1.32,
KIK - EXA-BRAIN-375,Extremely Alive Brain Booster Wellness Tonic 375ml,,Kikai Markets,15.00,
KIK - EXA-DETOX-375,Extremely Alive Detox + Cleanse Wellness Tonic 375ml,,Kikai Markets,15.00,
KIK - EXA-GUT-375,Extremely Alive Gut Balance Wellness Tonic 375ml,,Kikai Markets,15.00,
KIK - EXA-TEA-375,Extremely Alive Spikey Tea Wellness Tonic 375ml,,Kikai Markets,15.00,
KIK - GW003,Gaia Activated Turmeric & Orange Kombucha Vinegar 250ml,,Kikai Markets,6.65,
KIK - GW002,Gaia Kakadu Plum & Pomegranate Kombucha Vinegar 250ml,,Kikai Markets,6.65,
KIK - GW001,Gaia Organic Apple Cider Collagen Boost Vinegar 250ml,,Kikai Markets,7.00,
KIK - GW004,Gaia Organic Coconut Cider Vinegar 250ml,,Kikai Markets,8.05,
KIK - 1467-10,GF Oats Organic Uncontaminated Oats 1kg,,Kikai Markets,20.72,
KIK - 1468-3,GF Oats Organic Uncontaminated Oats 2kg,,Kikai Markets,38.57,
KIK - 1451-10,GF Oats Organic Uncontaminated Oats 500g,,Kikai Markets,10.92,
KIK - 4014,GF Oats Organic Uncontaminated Oats 5kg,,Kikai Markets,85.00,
KIK - GF - 2,GF Oats Traditional Uncontaminated Oats 500g,,Kikai Markets,8.96,
KIK - GF - 20,GF Oats Traditional Uncontaminated Quick Oats 1kg,,Kikai Markets,17.13,
KIK - 3007,GF Oats Traditional Uncontaminated Quick Oats 2kg,,Kikai Markets,31.77,
KIK - 3008,GF Oats Traditional Uncontaminated Quick Oats 5kg,,Kikai Markets,72.64,
Immuno,Immuno Elixir SHOT Chaga & Black Currant 25ml ORGANIC,,Kikai Markets,2.55,
Rosehip Chaga,Immuno Elixir SHOT Chaga & Rosehip 25ml ORGANIC,,Kikai Markets,2.55,
buckthorn chaga,Immuno Elixir SHOT Chaga & Sea buckthorn 25ml ORGANIC,,Kikai Markets,2.55,
KIK - MN-L-30,Mama Nose EcoFriendly Bamboo Nappies Large Size (9 to 14kg),,Kikai Markets,15.64,
KIK - MN-M-30,Mama Nose EcoFriendly Bamboo Nappies Medium Size (6 to 11kg),,Kikai Markets,14.78,
KIK - MN-S-30,Mama Nose EcoFriendly Bamboo Nappies Small Size (3 to 8kg),,Kikai Markets,13.33,
KIK - MN-XL-30,Mama Nose EcoFriendly Bamboo Nappies Xlarge Size (12 to 18kg),,Kikai Markets,16.23,
NH - RCUP - MBMV,Maretti Bruschette Mediterranean Vegetables 70g (Carton of 15),,Kikai Markets,30.00,
NH - RCUP - MBSRG,Maretti Bruschette Slow Roasted Garlic 70g (Carton of 15),,Kikai Markets,30.00,
NH - RCUP - MBSCO,Maretti Bruschette Sour Cream and Onion 70g (Carton of 15),,Kikai Markets,30.00,
NH - RCUP - MBSBP,Maretti Bruschette Sweet Basil Pesto 70g (Carton of 15),,Kikai Markets,30.00,
NH - RCUP - MBTOO,"Maretti Bruschette Tomato, Olives & Oregano 70g (Carton of 15)",,Kikai Markets,30.00,
KIK - MAV-MBB,Mavella Superfoods Brain Boost 100g,,Kikai Markets,15.56,
KIK - MAV - MIB,Mavella Superfoods Immune Boost 100g,,Kikai Markets,15.56,
KIK - MAV - KBC,Mavella Superfoods Kombucha + Beauty Cannister Can (10 x 4g),,Kikai Markets,18.72,
KIK - MAV - KEC,Mavella Superfoods Kombucha + Energy Cannister Can (10 x 4g),,Kikai Markets,18.72,
KIK - MAV - KGC,Mavella Superfoods Kombucha + Gut Cannister Can (10 x 4g),,Kikai Markets,18.72,
KIK - AACFO30,MIOD Anti-Aging Complex Face Oil 30ml,,Kikai Markets,36.40,
KIK - ABRM50,MIOD Australian Botanical Repair Moisturiser 50ml,,Kikai Markets,36.40,
KIK - ANHM50,MIOD Australian Native Hydrating Moisturiser 50ml,,Kikai Markets,36.40,
KIK - BBFO30,MIOD Botanical Balancing Face Oil 30ml,,Kikai Markets,33.80,
KIK - EBL50,MIOD Enzyme Balancing Lotion 50ml,,Kikai Markets,33.80,
KIK - EGC125,MIOD Enzyme Gel Cleanser 125ml,,Kikai Markets,27.30,
KIK - OCL100,MIOD Organic Cleansing Oil 100ml,,Kikai Markets,26.00,
KIK - SCC125,MIOD Soothing Cream Cleanser 125ml,,Kikai Markets,28.60,
KIK - SNOS30,MIOD Superfood Nourishing Oil Serum 30ml,,Kikai Markets,37.70,
KIK - SVCM50,MIOD Superfood Vitamin C Moisturiser  50ml,,Kikai Markets,37.70,
Cookie&cream,One Down Health Vegan Cookies and Cream Protein 500g,,Kikai Markets,25.20,
KIK - EF01,Pimp My Salad Cashew Parm Cheez eco jar 120g,,Kikai Markets,6.84,
KIK - EF03,Pimp My Salad Coconut Bacon eco jar 60g,,Kikai Markets,5.59,
KIK - EF13,Pimp My Salad Gluten Free Vegan Croutons Value Pack 150g,,Kikai Markets,4.75,
KIK - EF06,Pimp My salad Hemp Parmesan 120g,,Kikai Markets,6.84,
KIK - EF04,Pimp My salad Spicy Sunflower Seeds 110g,,Kikai Markets,5.59,
KIK - PBP-RA-9Q5N-7VTA,Pure Botany Purveyor Organic Blue Spirulina 50g,,Kikai Markets,28.99,
KIK - PBP-DK-K9WU-BJ0T,Pure Botany Purveyor Organic Pine Mango Powder 50g,,Kikai Markets,16.25,
KIK - PBP-H0-UFM0-MCPG,Pure Botany Purveyor Organic Pink Pitaya Powder 50g,,Kikai Markets,16.25,
KIK - PBP- 4L-VQ7R-DWSJ,Pure Botany Purveyor Organic Raspberry Powder 50g,,Kikai Markets,16.25,
NH - RCUP - RCH7SS,RiceUp/ Brown Rice Cakes with 7 Super Seeds 120g (Carton of 12),,Kikai Markets,27.60,
NH - RCUP - RCHBIR,RiceUp/ Brown Rice Cakes with Black Imperial Rice 120g (Carton of 12),,Kikai Markets,27.60,
NH - RCUP - RCHBAM120-single,RiceUp/ Brown Rice Cakes with Buckwheat & Amaranth 120g,RiceUp/ Brown Rice Cakes with Buckwheat & Amaranth 120g,Kikai Markets,2.30,
NH - RCUP - RCHCHQ120,RiceUp/ Brown Rice Cakes with Chia & Quinoa 120g (Carton of 12),,Kikai Markets,27.60,
NH - RCUP - RCHHS-single,RiceUp/ Brown Rice Cakes with Himalayan Salt 120g,RiceUp/ Brown Rice Cakes with Himalayan Salt 120g,Kikai Markets,2.30,
NH - RCUP - RCHHS,RiceUp/ Brown Rice Cakes with Himalayan Salt 120g (Carton of 12),,Kikai Markets,27.60,
NH - RCUP - RCHPS,RiceUp/ Brown Rice Cakes with Pumpkin Seeds 120g (Carton of 12),,Kikai Markets,27.60,
NH - RCUP - RCHSS120,RiceUp/ Brown Rice Cakes with Sunflower Seeds 120g (Carton of 12),,Kikai Markets,27.60,
NH - RCUP - RCHBBL-single,RiceUp/ Brown Rice Chips Black Beluga Lentil 60g,RiceUp/ Brown Rice Chips Black Beluga Lentil 60g,Kikai Markets,2.50,
NH - RCUP - RCHBBL,RiceUp/ Brown Rice Chips Black Beluga Lentil 60g (Carton of 18),,Kikai Markets,45.00,
NH - RCUP - RCHBAM,RiceUp/ Brown Rice Chips Buckweat & Amaranth 60g (Carton of 18),,Kikai Markets,45.00,
NH - RCUP - RCHCH-single,RiceUp/ Brown Rice Chips Cheese 60g,RiceUp/ Brown Rice Chips Cheese 60g,Kikai Markets,2.50,
NH - RCUP - RCHCH,RiceUp/ Brown Rice Chips Cheese 60g (Carton of 18),,Kikai Markets,45.00,
NH - RCUP - RCHCHQ,RiceUp/ Brown Rice Chips Chia & Quinoa 60g (Carton of 18),,Kikai Markets,45.00,
NH - RCUP - RCHCBCM-single,RiceUp/ Brown Rice Chips Cinnamon Brown Cane Muscovado 60g,RiceUp/ Brown Rice Chips Cinnamon Brown Cane Muscovado 60g,Kikai Markets,2.50,
NH - RCUP - RCHCBCM,RiceUp/ Brown Rice Chips Cinnamon Brown Cane Muscovado 60g (Carton of 18),,Kikai Markets,45.00,
NH - RCUP - RCHGCP,RiceUp/ Brown Rice Chips Gorgonzola & Caramelized Pear 60g (Carton of 18),,Kikai Markets,45.00,
NH - RCUP - RCHHMT,RiceUp/ Brown Rice Chips Honey & Mustard 60g (Carton of 18),,Kikai Markets,45.00,
NH - RCUP - RCHJ,RiceUp/ Brown Rice Chips Jamon 60g (Carton of 18),,Kikai Markets,45.00,
NH - RCUP - RCHMSSD,RiceUp/ Brown Rice Chips Millet & Sunflower Seeds 60g (Carton of 18),,Kikai Markets,45.00,
NH - RCUP - RCHMB,RiceUp/ Brown Rice Chips Mung Bean 60g (Carton of 18),,Kikai Markets,45.00,
NH - RCUP - RCHP-single,RiceUp/ Brown Rice Chips Pesto 60g,RiceUp/ Brown Rice Chips Pesto 60g,Kikai Markets,2.50,
NH - RCUP - RCHP,RiceUp/ Brown Rice Chips Pesto 60g (Carton of 18),,Kikai Markets,45.00,
NH - RCUP - RCHPZ,RiceUp/ Brown Rice Chips Pizza 60g (Carton of 18),,Kikai Markets,45.00,
NH - RCUP - RCHRL,RiceUp/ Brown Rice Chips Red Lentil 60g (Carton of 18),,Kikai Markets,45.00,
NH - RCUP - RCHSSP,RiceUp/ Brown Rice Chips Sea Salt & Pepper 60g (Carton of 18),,Kikai Markets,45.00,
NH - RCUP - RCHSS-single,RiceUp/ Brown Rice Chips Sea Salt 60g,RiceUp/ Brown Rice Chips Sea Salt 60g,Kikai Markets,2.50,
NH - RCUP - RCHSS,RiceUp/ Brown Rice Chips Sea Salt 60g (Carton of 18),,Kikai Markets,45.00,
NH - RCUP - RPBBDC,RiceUp/ Brown Rice Proviotic Bars with Belgian Dark Chocolate 18g (Carton of 20),,Kikai Markets,18.00,
NH - RCUP - RPBBMC,RiceUp/ Brown Rice Proviotic Bars with Belgian Milk Chocolate 18g (Carton of 20),,Kikai Markets,18.00,
NH - RCUP - RPBBWC,RiceUp/ Brown Rice Proviotic Bars with Belgian White Chocolate 18g (Carton of 20),,Kikai Markets,18.00,
NH - RCUP - RRBDC,RiceUp/ Brown Rice Rolls with Belgian Dark Chocolate 50g (Carton of 18),,Kikai Markets,45.00,
NH - RCUP - RRBDC90,RiceUp/ Brown Rice Rolls with Belgian Dark Chocolate 90g (Carton of 12),,Kikai Markets,50.00,
NH - RCUP - RRBMC90,"RiceUp/ Brown Rice Rolls with Belgian Milk Chocolate
90g (Carton of 12)",,Kikai Markets,50.00,
NH - RCUP - RRBMC,RiceUp/ Brown Rice Rolls with Belgian Milk Chocolate 50g (Carton of 18),,Kikai Markets,45.00,
NH - RCUP - RRBWC,RiceUp/ Brown Rice Rolls with Belgian White Chocolate 50g (Carton of 18),,Kikai Markets,45.00,
NH - RCUP - RC7SS-single,RiceUp/ Organic Brown Rice Cakes 7 Super Seeds 120g,RiceUp/ Organic Brown Rice Cakes 7 Super Seeds 120g,Kikai Markets,2.30,