URL,Last crawled
https://www.buyorganicsonline.com.au/spiral-tomato-ketchup-350ml/,2025-11-19
https://www.buyorganicsonline.com.au/red-grape-juice-organic-1lt-robinvale/,2025-11-19
https://www.buyorganicsonline.com.au/organic-sugar,2025-11-19
https://www.buyorganicsonline.com.au/peruvian-pink-salt/,2025-11-19
https://www.buyorganicsonline.com.au/sorbolene-alternative-250-grams-by-vegesorp/,2025-11-19
https://www.buyorganicsonline.com.au/rice-bran-fine-450g-lotus/,2025-11-19
https://www.buyorganicsonline.com.au/ever-eco-bamboo-straws-4-packet-on-sale/,2025-11-19
https://www.buyorganicsonline.com.au/citrus-rose-shampoo-value-pack-1-lt-by-australian-biologika/,2025-11-19
https://www.buyorganicsonline.com.au/maharishi-vata-massage-oil-250ml/,2025-11-19
https://www.buyorganicsonline.com.au/evodia-evodia-epzen-magnesium-uplift-900g/,2025-11-19
https://www.buyorganicsonline.com.au/macadamia-oil,2025-11-19
https://www.buyorganicsonline.com.au/organic-hemp-protein-powder-vanilla-420gm-by-essential-hemp/,2025-11-19
https://www.buyorganicsonline.com.au/whey-protein-concentrate-3-kg-by-protein-supplies-aust/,2025-11-19
https://www.buyorganicsonline.com.au/whey-protein-concentrate-wpc-3kg-by-protein-supplies-australia/,2025-11-19
https://www.buyorganicsonline.com.au/deodorant-stick-120-grams-by-crystal/,2025-11-19
https://www.buyorganicsonline.com.au/biologika-veggie-creams/,2025-11-18
https://www.buyorganicsonline.com.au/white-quinoa/,2025-11-18
https://www.buyorganicsonline.com.au/nuilife-coconut-oil-soap-peppermint-100g-on-sale/,2025-11-18
https://www.buyorganicsonline.com.au/tart-cherry-juice,2025-11-18
https://www.buyorganicsonline.com.au/black-seed-oil,2025-11-18
https://www.buyorganicsonline.com.au/organic-rainbow-chai-100-grams-by-chai-tea/,2025-11-18
https://www.buyorganicsonline.com.au/organic-rainbow-chai-100gr-by-chai-tea/,2025-11-18
https://www.buyorganicsonline.com.au/chocolate-bits-coarse-organic-125g-lotus-bb-27-12-21-on-sale/,2025-11-18
https://www.buyorganicsonline.com.au/amazing-oils-magnesium-oil-250ml/,2025-11-18
https://www.buyorganicsonline.com.au/brands/Amazing-Oils/,2025-11-18
https://www.buyorganicsonline.com.au/beans-soy-organic-500g-lotus/,2025-11-18
https://www.buyorganicsonline.com.au/soy-beans-organic-500g-lotus-on-sale-bb-03-04-23/,2025-11-18
https://www.buyorganicsonline.com.au/baker-boys-fresh-bread-beetroot-bun/,2025-11-18
https://www.buyorganicsonline.com.au/apricot-kernels-500gr-by-aprisnax/,2025-11-18
https://www.buyorganicsonline.com.au/wild-gentle-shampoo-250ml-by-wild/,2025-11-18
https://www.buyorganicsonline.com.au/oregano-oil-Australia,2025-11-18
https://www.buyorganicsonline.com.au/dr-bronners,2025-11-18
https://www.buyorganicsonline.com.au/brands/Lakewood.html,2025-11-18
https://www.buyorganicsonline.com.au/lakewood-cranberry-juice-pure-946ml/,2025-11-18
https://www.buyorganicsonline.com.au/almond-meal-oa-125g-nature-first/,2025-11-18
https://www.buyorganicsonline.com.au/category-name-dry-food-category-path-pantry/,2025-11-18
https://www.buyorganicsonline.com.au/blooms-magnesium-complex-ultra-strength-powder-200g,2025-11-18
https://www.buyorganicsonline.com.au/mayvers-peanut-butter-smooth-375g/,2025-11-18
https://www.buyorganicsonline.com.au/beetroot-juice,2025-11-18
https://www.buyorganicsonline.com.au/180-cakes-donut-mix-cinnamon-311g/,2025-11-18
https://www.buyorganicsonline.com.au/muesli-berry-bircher-organic-jar-525g-real-good-food/,2025-11-18
https://www.buyorganicsonline.com.au/blooms-zinc-max-50mgr-elemental-60-capsules/,2025-11-18
https://www.buyorganicsonline.com.au/copy-of-blooms-zinc-max-50mg-elemental-60-capsules/,2025-11-18
https://www.buyorganicsonline.com.au/natural-evolution-gluten-free-banana-flour-908gr/,2025-11-18
https://www.buyorganicsonline.com.au/natural-evolution-green-banana-starch-resistant-1kg/,2025-11-18
https://www.buyorganicsonline.com.au/natural-evolution-green-banana-starch-resistant-800gm/,2025-11-18
https://www.buyorganicsonline.com.au/organic-rainbow-spiced-cacao/,2025-11-18
https://www.buyorganicsonline.com.au/dr-bronner-sandalwood-jasmine-organic-liquid-soap-946ml/,2025-11-18
https://www.buyorganicsonline.com.au/sandalwood-jasmine-organic-liquid-soap-950ml-by-dr-bronner/,2025-11-18
https://www.buyorganicsonline.com.au/wild-henna-shampoo-250-ml-by-wild/,2025-11-18
https://www.buyorganicsonline.com.au/wild-henna-shampoo-250ml-by-wild/,2025-11-18
https://www.buyorganicsonline.com.au/tart-montmorency-cherry-concentrate-473ml-by-dr-superfoods/,2025-11-18
https://www.buyorganicsonline.com.au/tart-montmorency-cherry-concentrate/,2025-11-18
https://www.buyorganicsonline.com.au/lotus-cornflour-maize-500g-on-sale-bb-06-03-23/,2025-11-18
https://www.buyorganicsonline.com.au/nuts-almonds-500g-demeter-bio-dynamic/,2025-11-18
https://www.buyorganicsonline.com.au/black-seed-oil-capsules-120-by-hab-shifa/?ref=isp_rel_no_match,2025-11-18
https://www.buyorganicsonline.com.au/yaeyama-pacifica-chlorella-250-grams-by-green-nutritionals/,2025-11-18
https://www.buyorganicsonline.com.au/smart-floss-27m-27-metres-by-dr-tungs/,2025-11-18
https://www.buyorganicsonline.com.au/smart-floss-27m-by-dr-tungs/,2025-11-18
https://www.buyorganicsonline.com.au/apple-cider-vinegar-organic-20l-kadac-bulk/,2025-11-18
https://www.buyorganicsonline.com.au/nature-first-apple-cider-vinegar-organic-20l-kadac-bulk/,2025-11-18
https://www.buyorganicsonline.com.au/brands/lotus/,2025-11-18
https://www.buyorganicsonline.com.au/wild-herbal-shampoo-250ml/,2025-11-18
https://www.buyorganicsonline.com.au/wallaby-bites-dark-choc-orange-almond-150g/,2025-11-18
https://www.buyorganicsonline.com.au/360-whey-vanilla-1kg-protein-supplies-australia/,2025-11-18
https://www.buyorganicsonline.com.au/360-whey-vanilla-complete-protein-1kg-by-protein-supplies-australia/,2025-11-18
https://www.buyorganicsonline.com.au/colostrum-powder,2025-11-18
https://www.buyorganicsonline.com.au/hab-shifa-tq-organic-black-seed-oil-counter-display-of-6-6x250ml/,2025-11-18
https://www.buyorganicsonline.com.au/lecithin-granules-unbleached-germany-200-grams-by-lotus/,2025-11-18
https://www.buyorganicsonline.com.au/tooshies-by-tom-nappies-with-organic-bamboo-size-5-walker-13-18kg-2x32/,2025-11-18
https://www.buyorganicsonline.com.au/kfibre-100g/,2025-11-18
https://www.buyorganicsonline.com.au/coconut-dark-chocolate-85g-by-little-zebra/,2025-11-18
https://www.buyorganicsonline.com.au/eco-aroma-essential-oil-blend-australian-shores-10ml/,2025-11-18
https://www.buyorganicsonline.com.au/cacao-gold-powder-450g-by-power-super-foods/,2025-11-18
https://www.buyorganicsonline.com.au/brands/Nature's-Cuppa/,2025-11-18
https://www.buyorganicsonline.com.au/gourmet-organic-basil-organic-10g/,2025-11-18
https://www.buyorganicsonline.com.au/homoeopathic/,2025-11-18
https://www.buyorganicsonline.com.au/tissue-salt-7-kali-sulph-potassium-sulphate-125-tabs-nuage/,2025-11-18
https://www.buyorganicsonline.com.au/tissue-salt-silica-125-tissue-by-martin-pleasance/,2025-11-18
https://www.buyorganicsonline.com.au/siena-organic-diced-tomatoes-400g-on-sale-bb-31-12-23/,2025-11-18
https://www.buyorganicsonline.com.au/msm-powder-Australia,2025-11-18
https://www.buyorganicsonline.com.au/complete-health-sour-cherry-100-juice-organic-700ml/,2025-11-18
https://www.buyorganicsonline.com.au/complete-natural-remedies-carbon-c60-in-mct-oil-100ml-on-sale-bb-02-25/,2025-11-18
https://www.buyorganicsonline.com.au/annas-100g-enriched-wild-yam-cream-menstrual-pain-herbal-balm/?revpage=2,2025-11-18
https://www.buyorganicsonline.com.au/wild-yam-cream-100-grams-by-annas/,2025-11-18
https://www.buyorganicsonline.com.au/floradix-calcium-magnesium-drink-250ml/,2025-11-18
https://www.buyorganicsonline.com.au/floradix-magnesium-mineral-drink-250ml/,2025-11-18
https://www.buyorganicsonline.com.au/bread-improver-250-grams-by-lotus/,2025-11-18
https://www.buyorganicsonline.com.au/bread-improver-250g-lotus-bb-18-10-21-on-sale/,2025-11-18
https://www.buyorganicsonline.com.au/dr-bronner-tea-tree-liquid-castile-soap-3-78l/,2025-11-18
https://www.buyorganicsonline.com.au/ethique-solid-bodywash-bar-charcoal-kaolin-oatmeal-120g-sale/,2025-11-18
https://www.buyorganicsonline.com.au/natural-life-manuka-honey-blend-500g/,2025-11-18
https://www.buyorganicsonline.com.au/cleanse-u-500-ml-by-pinot/?fullSite=1,2025-11-18
https://www.buyorganicsonline.com.au/vanilla-ultimate-protein-1kg-by-eden-health-foods-on-sale/,2025-11-18
https://www.buyorganicsonline.com.au/vanilla-ultimate-protein-1kgr-by-eden-health-foods/,2025-11-18
https://www.buyorganicsonline.com.au/lavender-organic-hand-body-soap-refill-1-89lt-by-dr-bronner/,2025-11-18
https://www.buyorganicsonline.com.au/lavender-organic-hand-body-soap-refill-1-89lt-by-dr-bronners/,2025-11-18
https://www.buyorganicsonline.com.au/lotus-wheat-grain-organic-500g-on-sale-bbd-23-05-22/,2025-11-18
https://www.buyorganicsonline.com.au/bonvit-instant-chicory-100g/?ctk=8c198d4a-9ddc-487e-99ab-092553ac0aaf,2025-11-18
https://www.buyorganicsonline.com.au/brands/Abode.html,2025-11-18
https://www.buyorganicsonline.com.au/activated-cashews,2025-11-18
https://www.buyorganicsonline.com.au/brands/REDMOND-REAL-SALT.html,2025-11-18
https://www.buyorganicsonline.com.au/yeast-granulated-100-grams-by-lotus/,2025-11-18
https://www.buyorganicsonline.com.au/dishwashing-liquid-20-litres-by-herbon/,2025-11-18
https://www.buyorganicsonline.com.au/dishwashing-liquid-20l-herbon/,2025-11-18
https://www.buyorganicsonline.com.au/spatone-liquid-iron-supplement-sachet-14pk-14x25ml-by-martin-pleasance/,2025-11-18
https://www.buyorganicsonline.com.au/mayvers-dark-peanut-butter-smooth-375g/,2025-11-17
https://www.buyorganicsonline.com.au/aloe-dent-dental-floss-30ml/,2025-11-17
https://www.buyorganicsonline.com.au/wild-apple-juice-organic-360ml/,2025-11-17
https://www.buyorganicsonline.com.au/brown-rice-noodles,2025-11-17
https://www.buyorganicsonline.com.au/tea-english-breakfast-organic-60-bags-by-natures-cuppa/,2025-11-17
https://www.buyorganicsonline.com.au/sea-salt-celtic-coarse-6x500-grams-by-lotus/,2025-11-17
https://www.buyorganicsonline.com.au/apple-cider-vinegar-organic-946ml-bragg/,2025-11-17
https://www.buyorganicsonline.com.au/bragg-apple-cider-vinegar-organic-946ml/,2025-11-17
https://www.buyorganicsonline.com.au/pineapple-juice,2025-11-17
https://www.buyorganicsonline.com.au/ananda-life-face-mask-deep-clean-green-70g/,2025-11-17
https://www.buyorganicsonline.com.au/brands/Sutton,2025-11-17
https://www.buyorganicsonline.com.au/brands/Sutton's/,2025-11-17
https://www.buyorganicsonline.com.au/basik-sunflower-kernels-600g-x-6/,2025-11-17
https://www.buyorganicsonline.com.au/matcha-green-tea-powder-60g-by-zen-green-tea/,2025-11-17
https://www.buyorganicsonline.com.au/coco-earth-liquid-coconut-oil-250ml-on-sale-bbd-10-02-23/,2025-11-17
https://www.buyorganicsonline.com.au/colloidal-minerals-1/,2025-11-17
https://www.buyorganicsonline.com.au/wholegrain-wheat-flour-5kg-powlett-hill/,2025-11-17
https://www.buyorganicsonline.com.au/cobs-popcorn-organic-sea-salt-80g-1/,2025-11-17
https://www.buyorganicsonline.com.au/brands/Nutritionist-Choice.html,2025-11-17
https://www.buyorganicsonline.com.au/sea-salt-celtic-fine-6x500-grams-by-lotus/,2025-11-17
https://www.buyorganicsonline.com.au/high-protein-mix-berry-organic-280-grams-by-real-good-food/,2025-11-17
https://www.buyorganicsonline.com.au/hilde-hemmes-herbals-st-marys-thistle-200ml-on-sale/,2025-11-17
https://www.buyorganicsonline.com.au/chia-seeds-black-1-kg-by-lotus/,2025-11-17
https://www.buyorganicsonline.com.au/chia-seeds-black-bag-1kg-lotus-on-sale/,2025-11-17
https://www.buyorganicsonline.com.au/chia-seeds-black-bag-1kg-lotus/,2025-11-17
https://www.buyorganicsonline.com.au/pumpkin-seed-oil,2025-11-17
https://www.buyorganicsonline.com.au/crackers-brown-rice-tamari-seaweed-100-grams-by-eatrite/,2025-11-17
https://www.buyorganicsonline.com.au/stevia-pure-extract-powder-30g-nirvana/,2025-11-17
https://www.buyorganicsonline.com.au/stevia-tablets-250s-nirvana/,2025-11-17
https://www.buyorganicsonline.com.au/sol-organics-mushroom-magic-super-mushroom-extract-blend-100g-on-sale-bbd-30-12-23/,2025-11-17
https://www.buyorganicsonline.com.au/facial-mist-97-aco-50ml-by-emma-organics/,2025-11-17
https://www.buyorganicsonline.com.au/purifying-facial-wipes-oily-combination-skin-5-pack-by-wotnot/,2025-11-17
https://www.buyorganicsonline.com.au/wheat-bran-organic-300-grams-by-lotus/,2025-11-17
https://www.buyorganicsonline.com.au/wheat-bran-organic-300g-lotus-on-sale/,2025-11-17
https://www.buyorganicsonline.com.au/bass-body-care-exfoliating-skin-towel-color-may-vary-1/?ctk=09ec161c-5f2d-4ea3-912a-4d6cb5958dd3,2025-11-17
https://www.buyorganicsonline.com.au/flour-white-premium-bakers-1kg-eden-valley/,2025-11-17
https://www.buyorganicsonline.com.au/kialla-flour-unbleached-plain-organic-20kg/,2025-11-17
https://www.buyorganicsonline.com.au/nature-first-rice-bran-cereal-400g-x-6/,2025-11-17
https://www.buyorganicsonline.com.au/rice-bran-cereal-400g-lotus-on-sale/,2025-11-17
https://www.buyorganicsonline.com.au/rice-bran-cereal-400g-lotus/,2025-11-17
https://www.buyorganicsonline.com.au/dr-bronner-green-tea-bulk-castile-liquid-castile-soap-3-78l/,2025-11-17
https://www.buyorganicsonline.com.au/dr-bronner-green-tea-liquid-castile-soap-3-78l/,2025-11-17
https://www.buyorganicsonline.com.au/sani-hemp-hemp-seed-oil-1-litre/,2025-11-17
https://www.buyorganicsonline.com.au/colloidal-silver-200-ml-by-original-colloidal/,2025-11-17
https://www.buyorganicsonline.com.au/spiral-pickled-ginger-60g-on-sale/,2025-11-17
https://www.buyorganicsonline.com.au/franjos-kitchen-lactation-biscuits-chocchip-gf-250g-on-sale/,2025-11-17
https://www.buyorganicsonline.com.au/foda-organic-apple-cider-vinegar-1l-on-sale-bb-10-23/,2025-11-17
https://www.buyorganicsonline.com.au/active-conditioner-biotin-b-complex-thick-400-ml-by-avalon-organics/,2025-11-17
https://www.buyorganicsonline.com.au/copy-of-global-organics-beans-red-kidney-organic-canned-400g/,2025-11-17
https://www.buyorganicsonline.com.au/muesli-bircher-organic-bag-500g-real-good-food/,2025-11-17
https://www.buyorganicsonline.com.au/dr-bronner-lavender-organic-liquid-soap-3-78lt/,2025-11-17
https://www.buyorganicsonline.com.au/dr-bronners-lavender-liquid-soap-3-78l/,2025-11-17
https://www.buyorganicsonline.com.au/laundry,2025-11-17
https://www.buyorganicsonline.com.au/clipper-peppermint-tea-x-20-tea-bags-on-sale-bb-08-03-23/,2025-11-17
https://www.buyorganicsonline.com.au/brewers-yeast,2025-11-17
https://www.buyorganicsonline.com.au/coco-earth-organic-mct-oil-500ml-on-sale/,2025-11-17
https://www.buyorganicsonline.com.au/cacao-mint/,2025-11-17
https://www.buyorganicsonline.com.au/deo-coconut-bergamont-75g-by-alaffia/?fullSite=1,2025-11-17
https://www.buyorganicsonline.com.au/intestinal-detox-formula-2/,2025-11-17
https://www.buyorganicsonline.com.au/deo-coconut-bergamont-75g-by-alaffia/,2025-11-17
https://www.buyorganicsonline.com.au/niulife-coconut-endurance-mctplus-500ml/,2025-11-17
https://www.buyorganicsonline.com.au/blooms-bio-turmeric-with-ginger-blk-pepper-500ml/,2025-11-17
https://www.buyorganicsonline.com.au/brands/Just-Jojoba.html,2025-11-17
https://www.buyorganicsonline.com.au/ebo-raw-jojoba-oil-100ml/,2025-11-17
https://www.buyorganicsonline.com.au/jojoba-oil,2025-11-17
https://www.buyorganicsonline.com.au/maple-sugar-170gr-by-coombs-family-farms/,2025-11-17
https://www.buyorganicsonline.com.au/pbco-choc-chips-98-sugar-free-220g/,2025-11-17
https://www.buyorganicsonline.com.au/essential-hemp-organic-hemp-protein-powder-unflavoured-420gm/,2025-11-17
https://www.buyorganicsonline.com.au/spiral-coconut-milk-reduced-fat-400ml/,2025-11-17
https://www.buyorganicsonline.com.au/lemon-propolis-candy-40-pack-by-comvita/,2025-11-17
https://www.buyorganicsonline.com.au/ayuna-joint-s-100vc/?ctk=9a0ebc85-ebe9-4bdf-ae24-00be2a1e7872,2025-11-17
https://www.buyorganicsonline.com.au/sweet-william-chocolate-spread-385g/?sfdr_ptcid=45895_389_714316760&sfdr_hash=a0c0f63d2133a4ed79977c581a980818,2025-11-17
https://www.buyorganicsonline.com.au/the-fresh-chai-co-caffeine-free-blend-honey-soaked-chai-1kg/,2025-11-17
https://www.buyorganicsonline.com.au/the-fresh-chai-co-chocolate-blend-honey-soaked-chai-1kg/,2025-11-17
https://www.buyorganicsonline.com.au/lotus-lupin-flour-400g,2025-11-17
https://www.buyorganicsonline.com.au/lupin-flour-400g-lotus/,2025-11-17
https://www.buyorganicsonline.com.au/raw-earth-produce-lupin-flour-400g/,2025-11-17
https://www.buyorganicsonline.com.au/dr-superfoods-organic-strawberries-125g-on-sale-bb-08-12-21/,2025-11-17
https://www.buyorganicsonline.com.au/maple-syrup-236ml-by-adirondack/,2025-11-17
https://www.buyorganicsonline.com.au/niulife-coconut-teriyaki-sauce-250ml-on-sale/,2025-11-17
https://www.buyorganicsonline.com.au/oats-rolled-15kg/,2025-11-17
https://www.buyorganicsonline.com.au/chia-seeds-shaker-350-grams-by-lotus/,2025-11-17
https://www.buyorganicsonline.com.au/wheat-grain-hard-20kg-bulk/?ctk=09d55ceb-d6ad-4036-8ecd-ab33b0a48f4c&showHidden=true,2025-11-17
https://www.buyorganicsonline.com.au/organic-wheat-grain-hard-20kg-bulk/?ctk=09d55ceb-d6ad-4036-8ecd-ab33b0a48f4c&showHidden=true,2025-11-17
https://www.buyorganicsonline.com.au/natural-instinct-radiance-mist-100ml/,2025-11-17
https://www.buyorganicsonline.com.au/baby-mild-organic-hand-body-soap-refill-1-89lt-by-dr-bronner/,2025-11-17
https://www.buyorganicsonline.com.au/dr-bronners-baby-unscented-pump-soap-1-89l/,2025-11-17
https://www.buyorganicsonline.com.au/flavour-free-toothpaste-50gm-by-jack-njill/,2025-11-17
https://www.buyorganicsonline.com.au/healing-herbs-vine-bach-flower-remedy-10ml/,2025-11-17
https://www.buyorganicsonline.com.au/saba-organics-hand-sanitiser-lavender-50ml/,2025-11-17
https://www.buyorganicsonline.com.au/blooms-dandelion-root-tea-roasted-100g/,2025-11-17
https://www.buyorganicsonline.com.au/dulse-nori-wakame/,2025-11-17
https://www.buyorganicsonline.com.au/red-dulse-leaf/,2025-11-17
https://www.buyorganicsonline.com.au/spiral-arame-sea-vegetable-50g/,2025-11-17
https://www.buyorganicsonline.com.au/rose-geranium-nourishing-conditioner-500ml-by-ausganica/,2025-11-17
https://www.buyorganicsonline.com.au/conditioner-250-ml-by-herbon/,2025-11-17
https://www.buyorganicsonline.com.au/dr-organic1-intensive-conditioning-hair-mask-organic-hemp-oil-200ml/,2025-11-17
https://www.buyorganicsonline.com.au/brands/Tints-of-Nature.html,2025-11-17
https://www.buyorganicsonline.com.au/tints-of-nature-permanent-colour-swatch/,2025-11-17
https://www.buyorganicsonline.com.au/acne/,2025-11-17
https://www.buyorganicsonline.com.au/skinb5-acne-control-extra-strength-180-tablets-1-month-supply/,2025-11-17
https://www.buyorganicsonline.com.au/aloe-pura-aloe-vera-gel-200ml/,2025-11-17
https://www.buyorganicsonline.com.au/aloe-vera-gel-200-ml-by-aloe-pura/,2025-11-17
https://www.buyorganicsonline.com.au/rooibos-chai-granular/,2025-11-17
https://www.buyorganicsonline.com.au/adults-necklace-mixed-love-46cm-by-amber-love/,2025-11-17
https://www.buyorganicsonline.com.au/amber-love-adults-bracelet-honey-love-20cm/,2025-11-17
https://www.buyorganicsonline.com.au/little-smiles-amber-adult-bracelet-19cm-brown/,2025-11-17
https://www.buyorganicsonline.com.au/spiral-ramen-instant-shiitake-mushroom-88g/,2025-11-17
https://www.buyorganicsonline.com.au/spiral-ramen-instant-shiitakemushroom-88g/,2025-11-17
https://www.buyorganicsonline.com.au/rochester-ginger-no-added-sugar-725ml-wrapped/,2025-11-17
https://www.buyorganicsonline.com.au/bath-gel-kids-berry-burst/,2025-11-17
https://www.buyorganicsonline.com.au/clover-fields-boxed-petite-rose-set/,2025-11-17
https://www.buyorganicsonline.com.au/clover-fields-foot-shaped-pumice-stone/,2025-11-17
https://www.buyorganicsonline.com.au/dr-bronners-rainbow-sampler-pack-6-x-59ml/,2025-11-17
https://www.buyorganicsonline.com.au/brands/HOPE'S-RELIEF.html,2025-11-17
https://www.buyorganicsonline.com.au/brands/Ultimate-Relief.html,2025-11-17
https://www.buyorganicsonline.com.au/moisturiser-aloe-green-tea-oil-free/,2025-11-17
https://www.buyorganicsonline.com.au/alba-hawaiian-moisturiser-aloe-green-tea-oil/?ctk=5990067c-1d45-43e8-a302-7e9fa4ab3bad,2025-11-17
https://www.buyorganicsonline.com.au/moisturiser-aloe-green-tea-oil-free/?ctk=5990067c-1d45-43e8-a302-7e9fa4ab3bad,2025-11-17
https://www.buyorganicsonline.com.au/brands/Buontempo.html,2025-11-17
https://www.buyorganicsonline.com.au/immune-defence-blend-teelixir-50g/,2025-11-17
https://www.buyorganicsonline.com.au/teelixir-immune-defence-mushroom-blend-50g/,2025-11-17
https://www.buyorganicsonline.com.au/emma-organics-fine-line-serum-95-aco/,2025-11-17
https://www.buyorganicsonline.com.au/biologika-lavender-hand-body-wash-15lt-bulk/,2025-11-17
https://www.buyorganicsonline.com.au/body-wash-lavender-15lt-bulk/,2025-11-17
https://www.buyorganicsonline.com.au/lavender-hand-body-wash-15lt-bulk/,2025-11-17
https://www.buyorganicsonline.com.au/laundry-1/,2025-11-17
https://www.buyorganicsonline.com.au/natural-laundry-detergent/,2025-11-17
https://www.buyorganicsonline.com.au/australian-bush-southern-cross-15ml/,2025-11-17
https://www.buyorganicsonline.com.au/eco-aroma-essential-oil-tangerine-10ml/,2025-11-17
https://www.buyorganicsonline.com.au/berringa-honey-raw-organic-eucalyptus-honey-1kg/?ctk=3f64f66e-035f-4bd8-8a1e-51ec15e43e4f,2025-11-17
https://www.buyorganicsonline.com.au/copy-of-herbs-of-gold-vitamin-d3-1000-120c/,2025-11-17
https://www.buyorganicsonline.com.au/laundry-powder-lavender-mint-5kg-abode/,2025-11-17
https://www.buyorganicsonline.com.au/natures-goodness-rose-hip-powder-200g/,2025-11-17
https://www.buyorganicsonline.com.au/acure-bb-day-cream-50ml/,2025-11-17
https://www.buyorganicsonline.com.au/acure-brilliantly-brightening-day-cream-50-ml/,2025-11-17
https://www.buyorganicsonline.com.au/golden-flaxseed-oil-organic-280ml-by-stoney-creek/?fullSite=1,2025-11-17
https://www.buyorganicsonline.com.au/unscented-goats-milk-soap-140-grams-by-harmony-soapworks/?fullSite=1,2025-11-17
https://www.buyorganicsonline.com.au/unscented-goats-milk-soap-140-grams-by-harmony-soapworks/,2025-11-17
https://www.buyorganicsonline.com.au/hibiscus-tea-400-grams-by-egyptian-red/,2025-11-17
https://www.buyorganicsonline.com.au/nutra-org-wholefood-pantry-brewers-yeast-200g/,2025-11-17
https://www.buyorganicsonline.com.au/nutraorganics-wholefood-pantry-brewers-yeast-500g/,2025-11-17
https://www.buyorganicsonline.com.au/lotus-salt-himalayan-pink-coarse-bag-500g-on-sale-bb-25-09-23/,2025-11-17
https://www.buyorganicsonline.com.au/clover-fields-sandalwood-and-cedar-soap-100g/,2025-11-17
https://www.buyorganicsonline.com.au/aftercare-treatment-anti-aging-cc-cream200ml/,2025-11-17
https://www.buyorganicsonline.com.au/wild-tassie-kelp-refill-250g-by-karom/,2025-11-17
https://www.buyorganicsonline.com.au/ross-gardiner-ultimate-colloidal-silver-50ppm-500ml/,2025-11-17
https://www.buyorganicsonline.com.au/xylitol-500-grams-by-lotus/,2025-11-17
https://www.buyorganicsonline.com.au/brands/CHARCOAL-ME.html,2025-11-17
https://www.buyorganicsonline.com.au/natures-sunshine/,2025-11-17
https://www.buyorganicsonline.com.au/nautes-sunshine/,2025-11-17
https://www.buyorganicsonline.com.au/coconut-amino-sauce-250ml-by-niulife/,2025-11-17
https://www.buyorganicsonline.com.au/tigernut-flour-the-origin-series-300g-power-super-foods/,2025-11-17
https://www.buyorganicsonline.com.au/tea-chai-spice-organic50-tbags/,2025-11-17
https://www.buyorganicsonline.com.au/alaffia-deo-coconut-lavendar-75g/,2025-11-17
https://www.buyorganicsonline.com.au/fructose-fruit-sugar-1-kg-by-lotus/,2025-11-17
https://www.buyorganicsonline.com.au/brands/HIMALAYAN-INSTITUTE.html,2025-11-17
https://www.buyorganicsonline.com.au/karom-himalayan-salt-kelp-500gr/,2025-11-17
https://www.buyorganicsonline.com.au/karom/,2025-11-17
https://www.buyorganicsonline.com.au/colloidal-gold-100-ml-by-original-colloidal/,2025-11-17
https://www.buyorganicsonline.com.au/colloidal-silver-ag-200ml-by-t-j-clark/,2025-11-17
https://www.buyorganicsonline.com.au/klean-kanteen-592ml-20oz-insulated-drink-bottle-coastal-waters/,2025-11-17
https://www.buyorganicsonline.com.au/baby-mild-organic-hand-body-soap-refill-1-89lt-by-dr-bronners/,2025-11-17
https://www.buyorganicsonline.com.au/green-calcium-tablets-240-tablets-by-green-nutritionals/,2025-11-17
https://www.buyorganicsonline.com.au/potato-flour-1-kg-by-lotus/,2025-11-17
https://www.buyorganicsonline.com.au/dr-superfoods-vitality-super-mix-150gr/,2025-11-17
https://www.buyorganicsonline.com.au/superorb/,2025-11-17
https://www.buyorganicsonline.com.au/rose-perfume-oil-10-ml-by-vrindavan/,2025-11-17
https://www.buyorganicsonline.com.au/himalayan-salt,2025-11-17
https://www.buyorganicsonline.com.au/ambrosia-raw-organic-honey-500g/,2025-11-17
https://www.buyorganicsonline.com.au/nc-by-nutrition-care-daily-vitamin-k2-60c/,2025-11-17
https://www.buyorganicsonline.com.au/lotus-barley-malt-syrup-organic-500g-on-sale-bb-15-07-24/,2025-11-17
https://www.buyorganicsonline.com.au/lifestream-aloe-vera-gel-100g/,2025-11-17
https://www.buyorganicsonline.com.au/dr-organic-wipes/,2025-11-17
https://www.buyorganicsonline.com.au/brands/OrganicIndia.html,2025-11-17
https://www.buyorganicsonline.com.au/organic-india-tulsi-hibiscus-x-25-tea-bags/,2025-11-17
https://www.buyorganicsonline.com.au/slendier-angelhair-400g/,2025-11-17
https://www.buyorganicsonline.com.au/brands/MINOR-FIGURES.html,2025-11-17
https://www.buyorganicsonline.com.au/corn-chips-salted-500g/,2025-11-17
https://www.buyorganicsonline.com.au/snack-bars/,2025-11-17
https://www.buyorganicsonline.com.au/fulhealth-industries-high-purity-anti-microbial-silver-colloid-200-ml-50ppm/,2025-11-17
https://www.buyorganicsonline.com.au/bhuja-mix-175-grams-by-k-s/,2025-11-17
https://www.buyorganicsonline.com.au/bread-pastry-mixes,2025-11-17
https://www.buyorganicsonline.com.au/brands/Nutri%2dLeaf.html,2025-11-17
https://www.buyorganicsonline.com.au/every-bit-organic-raw-olive-oil-500ml-on-sale-bbd-30-09-22/,2025-11-17
https://www.buyorganicsonline.com.au/yava-wild-harvested-cashews-chili-lime-10x35g-on-sale-bb-01-12-24/,2025-11-17
https://www.buyorganicsonline.com.au/yava-wild-harvested-cashews-chili-lime-35g-on-sale-bb-01-12-24/,2025-11-17
https://www.buyorganicsonline.com.au/baby-fabric-softener/,2025-11-17
https://www.buyorganicsonline.com.au/baby-organics-baby-fabric-softener/,2025-11-17
https://www.buyorganicsonline.com.au/lemon-myrtle-oil-20-ml-by-lemon-myrtle-fragrances/,2025-11-17
https://www.buyorganicsonline.com.au/pure-food-essentials-ginger-powder-80gr/,2025-11-17
https://www.buyorganicsonline.com.au/bath-shower-gel-lavender-350-ml-by-avalon-organics/,2025-11-17
https://www.buyorganicsonline.com.au/acure-bb-facial-scrub-118ml/,2025-11-17
https://www.buyorganicsonline.com.au/tooshies-by-tom-nappies-with-organic-bamboo-size-4-toddler-10-15kg-2x36/,2025-11-17
"https://www.buyorganicsonline.com.au/faith-in-nature-conditioner-rejuvenating-aloe-vera-400ml/?sku=UN 
- 
FI02&sfdr_ptcid=45895_389_714324686&sfdr_hash=7d477debcf1d583287b766fdfe08642f",2025-11-17
https://www.buyorganicsonline.com.au/melrose-flaxseed-oil-certified-organic-200ml/,2025-11-17
https://www.buyorganicsonline.com.au/creme-fraiche-200g-mungalli-creek/,2025-11-17
https://www.buyorganicsonline.com.au/double-cream-200g-mungalli-creek/,2025-11-17
https://www.buyorganicsonline.com.au/fetta-in-brine-300g-mungalli-creek/,2025-11-17
https://www.buyorganicsonline.com.au/kadac-bulk-apple-cider-vinegar-organic-20l/,2025-11-17
https://www.buyorganicsonline.com.au/nirvana-organics-liquid-stevia-coconut-50ml/,2025-11-17
https://www.buyorganicsonline.com.au/copy-of-colozone-plus-intestinal-cleanse-100g/,2025-11-17
https://www.buyorganicsonline.com.au/dandelion-blend-1-kg-by-kintra-foods/,2025-11-17
https://www.buyorganicsonline.com.au/dandelion-tea-250-grams-by-symingtons/,2025-11-17
https://www.buyorganicsonline.com.au/dandelion-tea-250gr-by-symingtons-on-sale/,2025-11-17
https://www.buyorganicsonline.com.au/dandelion-tea-250gr-by-symingtons/,2025-11-17
https://www.buyorganicsonline.com.au/cotton-pleat-100g-by-simply-gentle/?fullSite=1,2025-11-17
https://www.buyorganicsonline.com.au/cotton-pleat-100g-by-simply-gentle/,2025-11-17
https://www.buyorganicsonline.com.au/burts-bees-lip-shimmer-rhubarb-2-76g/?ctk=63e6add8-ed4a-4d7e-9b0a-00b013b9a6aa,2025-11-17
https://www.buyorganicsonline.com.au/loving-earth-maca-powder-1kg-on-sale-bb-15-09-23/,2025-11-17
https://www.buyorganicsonline.com.au/cacao-gold-powder-450gr-by-power-super-foods/,2025-11-17
https://www.buyorganicsonline.com.au/white-magic-eco-basics-bamboo-cloth-3pk/,2025-11-17
https://www.buyorganicsonline.com.au/baby-food/,2025-11-17
https://www.buyorganicsonline.com.au/mint-mouthwash-250-ml-by-aloe-dent/,2025-11-17
https://www.buyorganicsonline.com.au/activated-charcoal-powder,2025-11-17
https://www.buyorganicsonline.com.au/charcoal-me-charcoal-powder-60g/,2025-11-17
https://www.buyorganicsonline.com.au/rainbow-chai-150-grams-by-chai-tea/,2025-11-17
https://www.buyorganicsonline.com.au/rainbow-chai-150gr-by-chai-tea/,2025-11-17
https://www.buyorganicsonline.com.au/tea-tree-organic-liquid-soap-59ml-by-dr-bronner/,2025-11-17
https://www.buyorganicsonline.com.au/honeycone-ear-candles-2-pack/,2025-11-17
https://www.buyorganicsonline.com.au/brands/Glimlife.html,2025-11-17
https://www.buyorganicsonline.com.au/loving-earth-lucuma-powder-500g/,2025-11-17
https://www.buyorganicsonline.com.au/lucuma-powder,2025-11-17
https://www.buyorganicsonline.com.au/brands/Epic-Dental.html,2025-11-17
https://www.buyorganicsonline.com.au/brands/Epic.html,2025-11-17
https://www.buyorganicsonline.com.au/brands/Epic/,2025-11-17
https://www.buyorganicsonline.com.au/dandy-chai-150g-by-kintra-foods/,2025-11-17
https://www.buyorganicsonline.com.au/dandy-chai-150gr-by-kintra-foods/,2025-11-17
https://www.buyorganicsonline.com.au/dr-bronner-bulk-hemp-lavender-pure-castile-soap-18-9l/,2025-11-17
https://www.buyorganicsonline.com.au/dr-bronners-18-in-1-hemp-lavender-pure-castile-soap-18-9l/,2025-11-17
https://www.buyorganicsonline.com.au/ecologic-lemon-lime-dishwash-liquid-500ml/?fullSite=1,2025-11-17
https://www.buyorganicsonline.com.au/sea-salt-macrobiotic-fine-6x500-grams-by-lotus/,2025-11-17
https://www.buyorganicsonline.com.au/sweet-william-chocolate-spread-385g/,2025-11-17
https://www.buyorganicsonline.com.au/actifoods-raw-nuts-seeds-200g/,2025-11-17
https://www.buyorganicsonline.com.au/piranha-vege-crackers-barbeque-100g/,2025-11-17
https://www.buyorganicsonline.com.au/sea-salt-macrobiotic-fine-6x500-grams-by-lotus/?fullSite=1,2025-11-17
https://www.buyorganicsonline.com.au/planet-organic-ginger-45gms/,2025-11-17
https://www.buyorganicsonline.com.au/tart-cherry-juice-blend-organic-946-ml-by-lakewood/?gclid=CJae0u3ziMMCFUNvvAoddgMAeg,2025-11-17
https://www.buyorganicsonline.com.au/general-merchandise/,2025-11-17
https://www.buyorganicsonline.com.au/ecologic-lemon-lime-dishwash-liquid-500ml/,2025-11-17
https://www.buyorganicsonline.com.au/mayvers-peanut-butter-crunchy-375g/,2025-11-17
https://www.buyorganicsonline.com.au/body-crystal/,2025-11-17
https://www.buyorganicsonline.com.au/brands/Body-Crystal.html,2025-11-17
https://www.buyorganicsonline.com.au/white-magic-washing-up-pad-sea-blue-1pk/,2025-11-17
https://www.buyorganicsonline.com.au/chocolate-whey-protein-isolate-wpi-3kg-by-protein-supplies-australia/,2025-11-17
https://www.buyorganicsonline.com.au/wpi-fast-release-chocolate-3kg-by-protein-supplies-australia/,2025-11-17
https://www.buyorganicsonline.com.au/coconut-conditioner-15ltr-by-biologika/,2025-11-17
https://www.buyorganicsonline.com.au/aloe-dent-mint-mouthwash-250ml/?ctk=dcd9dc5b-4846-4043-af4f-c10a5ac06c72,2025-11-17
https://www.buyorganicsonline.com.au/the-ginger-people-crystallised-ginger-112g/,2025-11-17
https://www.buyorganicsonline.com.au/the-ginger-people-ginger-candy-chewy-apple-84g/,2025-11-17
https://www.buyorganicsonline.com.au/brands/Mayvers.html,2025-11-17
https://www.buyorganicsonline.com.au/mayvers/,2025-11-17
https://www.buyorganicsonline.com.au/bragg-liquid-aminos-spray-all-purpose-seasoning-180ml/,2025-11-17
https://www.buyorganicsonline.com.au/organic-apricot-kernels-500g-by-aprisnax/,2025-11-17
https://www.buyorganicsonline.com.au/glucose-powder-dextrose-250-grams-by-lotus/,2025-11-17
https://www.buyorganicsonline.com.au/cheeki-insulated-tumbler-rainbow-pear-500ml/,2025-11-16
https://www.buyorganicsonline.com.au/brands/Healr.html,2025-11-16
https://www.buyorganicsonline.com.au/niugini-organics-l-grass-coco-oil-soap-100g/,2025-11-16
https://www.buyorganicsonline.com.au/tart-cherry-juice-blend-organic-946ml-lakewood/,2025-11-16
https://www.buyorganicsonline.com.au/wheatbags-love-eyemask-grevillea-x1/,2025-11-16
https://www.buyorganicsonline.com.au/wheatbags-love-eyemask-heart-gum-x1/,2025-11-16
https://www.buyorganicsonline.com.au/wheatbags-love-wheatbag-wattle-x1/,2025-11-16
https://www.buyorganicsonline.com.au/amber-love-adults-necklace-cognac-love-46cm-on-sale/,2025-11-16
https://www.buyorganicsonline.com.au/amberbebe-walnut-child-bracelet-14cm/,2025-11-16
https://www.buyorganicsonline.com.au/brands/Amber-Love.html,2025-11-16
https://www.buyorganicsonline.com.au/agar-agar,2025-11-16
https://www.buyorganicsonline.com.au/agar-agar-75g-by-lotus/,2025-11-16
https://www.buyorganicsonline.com.au/nutri-leaf-slim-tea-extra-strength-tea-bags-15-bags/,2025-11-16
https://www.buyorganicsonline.com.au/skim-tea-extra-strength-15-bags-by-nutri-leaf/,2025-11-16
https://www.buyorganicsonline.com.au/barley-bran-fine-500-grams-by-lotus/,2025-11-16
https://www.buyorganicsonline.com.au/lotus-maize-flour-organic-500g-on-sale-bbd-07-03-22/,2025-11-16
https://www.buyorganicsonline.com.au/maize-flour-organic-500-grams-by-lotus/,2025-11-16
https://www.buyorganicsonline.com.au/absolute-red-goji-berry-200g/,2025-11-16
https://www.buyorganicsonline.com.au/bite-and-berry/,2025-11-16
https://www.buyorganicsonline.com.au/goji-blend-goji-berries-cacao-nibs/,2025-11-16
https://www.buyorganicsonline.com.au/rooibos-chai-tea-bags-x-32/,2025-11-16
https://www.buyorganicsonline.com.au/sea-vegetables-mixed-seaweed-170g-by-the-whole-foodies/,2025-11-16
https://www.buyorganicsonline.com.au/ecobud-replacement-filter-white-pete-evans-little-penguin-on-sale/,2025-11-16
https://www.buyorganicsonline.com.au/replacement-filter-white-by-ecobud/,2025-11-16
https://www.buyorganicsonline.com.au/little-zebra-ginger-supreme-85g/,2025-11-16
https://www.buyorganicsonline.com.au/niulife-organic-coconut-amino-sauce-extra-thick-teriyaki-6x250ml/,2025-11-16
https://www.buyorganicsonline.com.au/arnica-cream,2025-11-16
https://www.buyorganicsonline.com.au/rice-bran-fine-4-x-450g-lotus/,2025-11-16
https://www.buyorganicsonline.com.au/agar-agar-75g-by-lotus-on-sale-bb-feb-19/,2025-11-16
https://www.buyorganicsonline.com.au/pacific-harvest-agar-powder-india-50g/,2025-11-16
https://www.buyorganicsonline.com.au/castor-oil-australia/,2025-11-16
https://www.buyorganicsonline.com.au/leda-nutrition-biscuits-arrowroot-205g-on-sale/,2025-11-16
https://www.buyorganicsonline.com.au/brands/Basik/,2025-11-16
https://www.buyorganicsonline.com.au/brands/Lotus.html,2025-11-16
https://www.buyorganicsonline.com.au/bee-pollen-1,2025-11-16
https://www.buyorganicsonline.com.au/4myearth-food-cover-set-denim-stripe-xs-s-m-l-4/,2025-11-16
https://www.buyorganicsonline.com.au/certified-organic-lab-tested-hand-sanitiser-lavender-50ml/,2025-11-16
https://www.buyorganicsonline.com.au/melrose-vitamin-c-calcium-ascorbate-125g-x-8-packet/,2025-11-16
https://www.buyorganicsonline.com.au/indian-spiced-tea-bbch102/,2025-11-16
https://www.buyorganicsonline.com.au/biscuits-arrowroot-205-grams-by-leda-nutrition/,2025-11-16
https://www.buyorganicsonline.com.au/honey-raw-organic-1kg-ambrosia/,2025-11-16
https://www.buyorganicsonline.com.au/aloe-pura-aloe-after-sun-200ml-on-sale-damaged/,2025-11-16
https://www.buyorganicsonline.com.au/aloe-vera-gel,2025-11-16
https://www.buyorganicsonline.com.au/brands/Aloe-Vera-of-Aust..html,2025-11-16
https://www.buyorganicsonline.com.au/amazonia-tender-jack-pulled-jackfruit-teriyaki-300g/,2025-11-16
https://www.buyorganicsonline.com.au/jackfruit,2025-11-16
https://www.buyorganicsonline.com.au/guar-gum,2025-11-16
https://www.buyorganicsonline.com.au/hair-dye,2025-11-16
https://www.buyorganicsonline.com.au/tints-of-nature-permanent-hair-colour-fiery-red-5fr/,2025-11-16
https://www.buyorganicsonline.com.au/dr-organic-aloe-vera-shampoo-265ml,2025-11-16
https://www.buyorganicsonline.com.au/shampoo-aloe-vera-moisturising,2025-11-16
https://www.buyorganicsonline.com.au/shampoo-aloe-vera-moisturising/,2025-11-16
https://www.buyorganicsonline.com.au/cocoa-powder-organic-200g-lotus/,2025-11-16
https://www.buyorganicsonline.com.au/tea-loose-leaf-english-breakfast-organic/,2025-11-16
https://www.buyorganicsonline.com.au/cacao-500g-by-power-super-foods/,2025-11-16
https://www.buyorganicsonline.com.au/lemon-myrtle-conditioner-value-pack-by-australian-biologika/,2025-11-16
https://www.buyorganicsonline.com.au/5-x-molasses-500-grams-by-red-seal-free-shipping/,2025-11-16
https://www.buyorganicsonline.com.au/organic-times-blackstrap-molasses-490g,2025-11-16
https://www.buyorganicsonline.com.au/organic-times-blackstrap-molasses-490g/,2025-11-16
https://www.buyorganicsonline.com.au/liquid-aminos-1/,2025-11-16
https://www.buyorganicsonline.com.au/liquid-aminos-180ml-by-bragg/,2025-11-16
https://www.buyorganicsonline.com.au/liquid-aminos/,2025-11-16
https://www.buyorganicsonline.com.au/blooms-vitamin-c-1000-and-rosehip-500-180t/,2025-11-16
https://www.buyorganicsonline.com.au/magnesium-powder,2025-11-16
https://www.buyorganicsonline.com.au/natures-sunshine-calcium-magnesium-complex-synersup-180t/,2025-11-16
https://www.buyorganicsonline.com.au/box-fruit-strips-apricot-apple-120-grams-by-sun-valley/,2025-11-16
https://www.buyorganicsonline.com.au/schmidts-charcoal-magn-stick-92g/,2025-11-16
https://www.buyorganicsonline.com.au/schmidts-charcoal-magnesium-stick-75g-on-sale-hole-in-lid/,2025-11-16
https://www.buyorganicsonline.com.au/schmidts-charcoal-magnesium-stick-92g/,2025-11-16
https://www.buyorganicsonline.com.au/coffee-substitute/ ,2025-11-16
https://www.buyorganicsonline.com.au/coffee-substitute//,2025-11-16
https://www.buyorganicsonline.com.au/copy-of-naturobest-calcium-magnesium-plus-k2-d3-150g-on-sale/,2025-11-16
https://www.buyorganicsonline.com.au/shoyu-organic-250ml-global-organics/,2025-11-16
https://www.buyorganicsonline.com.au/ginger-tea-bags-16-bags-by-yogi-tea/,2025-11-16
https://www.buyorganicsonline.com.au/orgran-gluten-free-biscuit-wild-raspberry-fruit-175g/,2025-11-16
https://www.buyorganicsonline.com.au/olive-leaf-extract-mixed-berry-200-ml-by-lotus/,2025-11-16
https://www.buyorganicsonline.com.au/Dr-Organic-hemp-oil-roll-on-deodorant-50ml?ref=isp_rel_no_match,2025-11-16
https://www.buyorganicsonline.com.au/soothers-large-round-twin-pack-1-unit-by-natural-rubber/,2025-11-16
https://www.buyorganicsonline.com.au/lemongrass-lime-organic-shaving-gel-207ml-by-dr-bronner/,2025-11-16
https://www.buyorganicsonline.com.au/lemongrass-lime-organic-shaving-gel-207ml-by-dr-bronners/,2025-11-16
https://www.buyorganicsonline.com.au/lemongrass-lime-organic-shaving-soap-207ml-by-dr-bronner/,2025-11-16
https://www.buyorganicsonline.com.au/wonder-foods-brewers-yeast-250g/,2025-11-16
https://www.buyorganicsonline.com.au/amys-kitchen-g-f-refried-black-beans-437gm-usda-on-sale-bb-03-24/,2025-11-16
https://www.buyorganicsonline.com.au/amaranth-flour-organic500g/,2025-11-16
https://www.buyorganicsonline.com.au/copy-of-biotta-organic-beetroot-juice-100-organic-500ml/,2025-11-16
https://www.buyorganicsonline.com.au/white-magic-stay-fresh-mat-1pk/,2025-11-16
https://www.buyorganicsonline.com.au/dark-ash-blonde-6c-130ml-by-tints-of-nature/,2025-11-16
https://www.buyorganicsonline.com.au/honey-raw-organic-500-grams-by-ambrosia/,2025-11-16
https://www.buyorganicsonline.com.au/grahams-natural-calendulis-plus-cream-120g-on-sale/,2025-11-16
https://www.buyorganicsonline.com.au/gevity-rx-bone-broth-body-glue-natural-260g/,2025-11-16
https://www.buyorganicsonline.com.au/dried-fruit,2025-11-16
https://www.buyorganicsonline.com.au/froots-milk-chocolate-covered-mixed-fruit-24-x-40-grams-by-ashmores/,2025-11-16
https://www.buyorganicsonline.com.au/gloriously-free-gf-rolled-quick-oats-450g/,2025-11-16
https://www.buyorganicsonline.com.au/black-seed-oil-capsules-120-by-hab-shifa/,2025-11-16
https://www.buyorganicsonline.com.au/annas-100g-enriched-wild-yam-cream-menstrual-pain-herbal-balm/,2025-11-16
https://www.buyorganicsonline.com.au/bragg-apple-cider-vinegar,2025-11-16
https://www.buyorganicsonline.com.au/bragg-apple-cider-vinegar-drink-limeade/,2025-11-16
https://www.buyorganicsonline.com.au/Dr-Organic-hemp-oil-roll-on-deodorant-50ml,2025-11-16
https://www.buyorganicsonline.com.au/giovanni-root-66-max-volume-suitable-for-limp-hair-conditioner-250ml/,2025-11-16
https://www.buyorganicsonline.com.au/maharishi-kapha-massage-oil-250ml/,2025-11-16
https://www.buyorganicsonline.com.au/sprouted-rice-protein-500-grams-by-protein-supplies-aust/,2025-11-16
https://www.buyorganicsonline.com.au/mix-my-muesli-gluten-free-deluxe-mix-with-organic-cranberries-organic-blueberries-nuts-coconut-flakes-500g/,2025-11-16
https://www.buyorganicsonline.com.au/astaxanthin-australia,2025-11-16
https://www.buyorganicsonline.com.au/rye-flakes-rolled450g/,2025-11-16
https://www.buyorganicsonline.com.au/burts-bees-lipstick-blush-basin-3-4g/?ctk=15236f4b-c51b-43b3-accb-5fd381e116fa,2025-11-16
https://www.buyorganicsonline.com.au/amazonia-tender-jack-pulled-jackfruit-curry-300g/,2025-11-16
https://www.buyorganicsonline.com.au/hello-pure-organic-young-jackfruit-400g/,2025-11-16
https://www.buyorganicsonline.com.au/ambrosia-raw-organic-honey-1kg/,2025-11-16
https://www.buyorganicsonline.com.au/original-colloidal-colloidal-silver-200ml-on-sale-broken-seal/,2025-11-16
https://www.buyorganicsonline.com.au/fennel-tea,2025-11-16
https://www.buyorganicsonline.com.au/alternative-chocolate/,2025-11-16
https://www.buyorganicsonline.com.au/green-blacks/,2025-11-16
https://www.buyorganicsonline.com.au/organic-dark-chocolate-bunny-200g/,2025-11-16
https://www.buyorganicsonline.com.au/organic-oat-slice-nut-delight-100g/,2025-11-16
https://www.buyorganicsonline.com.au/broth-co-australian-grass-fed-beef-bone-broth-powder-variety-pack-single-serve-sachets-5g-x-12/,2025-11-16
https://www.buyorganicsonline.com.au/lotus-almond-flour-raw-whole-nut-1kg-bb-13-12-21-on-sale/,2025-11-16
https://www.buyorganicsonline.com.au/wild-orange-juice-organic-360ml/,2025-11-16
https://www.buyorganicsonline.com.au/peanut-butter-crunchy-300g-ceres-nz-arg/,2025-11-16
https://www.buyorganicsonline.com.au/peanut-butter/,2025-11-16
https://www.buyorganicsonline.com.au/dr-organic-moroccan-argan-oil-night-cream-50ml,2025-11-16
https://www.buyorganicsonline.com.au/himalayan-institute-neti-salt-340gr/,2025-11-16
https://www.buyorganicsonline.com.au/teelixir-certified-organic-bee-pollen-wild-australian-bee-pollen-100-g/,2025-11-16
https://www.buyorganicsonline.com.au/dr-bronners-lavender-castile-liquid-soap-946ml/,2025-11-16
https://www.buyorganicsonline.com.au/apple-cider-vinegar-and-honey-premix-500ml-by-barnes-naturals/?ctk=b8456da2-ec37-47ab-8c37-f4d4d2af51d9,2025-11-16
https://www.buyorganicsonline.com.au/drinks/?ctk=b8456da2-ec37-47ab-8c37-f4d4d2af51d9,2025-11-16
https://www.buyorganicsonline.com.au/byron-bay-macadamia-muesli-almond-and-org-hemp-seed-400g/,2025-11-16
https://www.buyorganicsonline.com.au/cellulite-cream/,2025-11-16
https://www.buyorganicsonline.com.au/little-innoscents-sun-lotion-spf30-plus-100ml/,2025-11-16
https://www.buyorganicsonline.com.au/lotus-maize-meal-organic-500g-on-sale-bb-30-10-23/,2025-11-15
https://www.buyorganicsonline.com.au/maize-meal-organic-500-grams-by-lotus/,2025-11-15
https://www.buyorganicsonline.com.au/ambrosia-aparies/,2025-11-15
https://www.buyorganicsonline.com.au/xylitol-1/,2025-11-15
https://www.buyorganicsonline.com.au/guar-gum-75g-lotus/,2025-11-15
https://www.buyorganicsonline.com.au/pomegranate-juice-organic-946ml-lakewood/,2025-11-15
https://www.buyorganicsonline.com.au/pomegranate-juice-pure-946ml-lakewood/,2025-11-15
https://www.buyorganicsonline.com.au/carwari-organic-mulberry-matcha-leaf-powder-50g/,2025-11-15
https://www.buyorganicsonline.com.au/east-bali-cashews-chocolate-vanilla-granola-bites-125g/,2025-11-15
https://www.buyorganicsonline.com.au/apricot-kernels-500g-by-aprisnax/,2025-11-15
https://www.buyorganicsonline.com.au/aprisnax-apricot-kernels-500g-on-sale-damaged-bb-09-24/,2025-11-15
https://www.buyorganicsonline.com.au/hilde-hemmes-herbals-organic-vegetable-broth-105g-on-sale-bb-30-07-24/,2025-11-15
https://www.buyorganicsonline.com.au/smooze-fruit-ice-coconut-mango-8-x-65ml-on-sale/,2025-11-15
https://www.buyorganicsonline.com.au/brands/Karom/,2025-11-15
https://www.buyorganicsonline.com.au/brands/Living-Essences.html,2025-11-15
https://www.buyorganicsonline.com.au/bragg-olive-oil-coldpressed-organic-473ml/,2025-11-15
https://www.buyorganicsonline.com.au/blog/magnesium-salts-vs-epsom-salts/,2025-11-15
https://www.buyorganicsonline.com.au/twist-naked-sponge-plant-based-sponge-2/,2025-11-15
https://www.buyorganicsonline.com.au/avanta-premium/,2025-11-15
https://www.buyorganicsonline.com.au/brands/Vivo-Alkaline-Protein.html,2025-11-15
https://www.buyorganicsonline.com.au/protein-1,2025-11-15
https://www.buyorganicsonline.com.au/protein/,2025-11-15
https://www.buyorganicsonline.com.au/cranberry-juice,2025-11-15
https://www.buyorganicsonline.com.au/carob-powder-0-by-organic-times/,2025-11-15
https://www.buyorganicsonline.com.au/nature-first-xanthan-gum-6-x-100g/,2025-11-15
https://www.buyorganicsonline.com.au/xanthan-gum-1-kg-by-nature-first/,2025-11-15
https://www.buyorganicsonline.com.au/xanthan-gum-100g-by-lotus/,2025-11-15
https://www.buyorganicsonline.com.au/wheat-germ-raw-with-oa-500-grams-by-lotus/,2025-11-15
https://www.buyorganicsonline.com.au/black-seed-oil-250-ml-by-hab-shifa/,2025-11-15
https://www.buyorganicsonline.com.au/go-bamboo-adult-toothbrush-x-1/,2025-11-15
https://www.buyorganicsonline.com.au/organic-times-carob-powder/,2025-11-15
https://www.buyorganicsonline.com.au/oregano-oil-25-ml-by-solutions-for-health/?fullSite=1,2025-11-15
https://www.buyorganicsonline.com.au/oregano-oil-25-ml-by-solutions-for-health/,2025-11-15
https://www.buyorganicsonline.com.au/turmeric-latte,2025-11-15
https://www.buyorganicsonline.com.au/brands/VerMints/,2025-11-15
https://www.buyorganicsonline.com.au/kallo-stock-pots-vegetable-organic-4x24g-96g/,2025-11-15
https://www.buyorganicsonline.com.au/blueberry-slim-life-tea-bags-16-bags-by-yogi-tea/,2025-11-15
https://www.buyorganicsonline.com.au/yogi-tea-blueberry-slim-life-tea-bags-16-bags-on-sale-bbd-01-03-23/,2025-11-15
https://www.buyorganicsonline.com.au/paw-shampoo-mediderm-200ml/,2025-11-15
https://www.buyorganicsonline.com.au/mayvers-super-spread-original-280g/,2025-11-15
https://www.buyorganicsonline.com.au/alaffia-deodorant-neem-turmeric-mandarin-charcoal-75g-on-sale/,2025-11-15
https://www.buyorganicsonline.com.au/aloe-juice-20-herbs/,2025-11-15
https://www.buyorganicsonline.com.au/lakewood-carrot-ginger-turmeric-juice-organic-946ml/,2025-11-15
https://www.buyorganicsonline.com.au/lotus-slippery-elm-bark-powder-250g-on-sale-bb-06-02-23/,2025-11-15
https://www.buyorganicsonline.com.au/beans-black-organic-400g-every-bit-organic-raw-bb-07-21-on-sale/,2025-11-15
https://www.buyorganicsonline.com.au/spiral-rice-crackers-nori-seaweed-50g/,2025-11-15
https://www.buyorganicsonline.com.au/doctor-plotkas-mouthwatchers-toothbrushes-adult-soft-mixed-x-20-display-blue-green-orange-red/,2025-11-15
https://www.buyorganicsonline.com.au/supergreens-1/,2025-11-15
https://www.buyorganicsonline.com.au/wallaby-bites-milk-choc-fruit-nut-150g/,2025-11-15
https://www.buyorganicsonline.com.au/lentils-red-organic-250-grams-by-lotus/,2025-11-15
https://www.buyorganicsonline.com.au/monster-health-food-co-multigrain-porridge-700g/,2025-11-15
https://www.buyorganicsonline.com.au/teelixir-fulvic-ionic-minerals-30ml/,2025-11-15
https://www.buyorganicsonline.com.au/aloe-vera-lotion-200ml-by-aloe-pura/,2025-11-15
https://www.buyorganicsonline.com.au/forbidden-white-rice-500g/,2025-11-15
https://www.buyorganicsonline.com.au/aloe-vera-gel-100-ml-by-aloe-pura/,2025-11-15
https://www.buyorganicsonline.com.au/aloe-vera-gel-100ml-by-aloe-pura/,2025-11-15
https://www.buyorganicsonline.com.au/protein-bread-co,2025-11-15
https://www.buyorganicsonline.com.au/the-protein-bread-co/,2025-11-15
https://www.buyorganicsonline.com.au/turmeric-coconut-cacao-latte-100g-by-golden-grind/,2025-11-15
https://www.buyorganicsonline.com.au/shea-butter-100g-by-every-bit-organic-raw/,2025-11-15
https://www.buyorganicsonline.com.au/neem-seed-oil-100ml-by-neeming-australia/,2025-11-15
https://www.buyorganicsonline.com.au/neem-seed-oil-30-ml-by-neeming-australia/,2025-11-15
https://www.buyorganicsonline.com.au/bragg-apple-cider-vinegar-drink-limeade/?page_context=category&faceted_search=0,2025-11-15
https://www.buyorganicsonline.com.au/biotta-organic-beetroot-juice-500ml/,2025-11-15
https://www.buyorganicsonline.com.au/dr-bronner-peppermint-liquid-castile-soap-3-78l/,2025-11-15
https://www.buyorganicsonline.com.au/dr-bronner-peppermint-organic-liquid-soap-3-78lt/,2025-11-15
https://www.buyorganicsonline.com.au/peppermint-organic-liquid-soap-3-78lt-by-dr-bronner/,2025-11-15
https://www.buyorganicsonline.com.au/dr-bronners-earl-grey/,2025-11-15
https://www.buyorganicsonline.com.au/oats-rolled-premium-aussie-organic-1kg-real-good-food/,2025-11-15
https://www.buyorganicsonline.com.au/real-good-food-oats-rolled-premium-aussie-organic-1kg-on-sale-bbd-26-06-23/,2025-11-15
https://www.buyorganicsonline.com.au/organic-oat-slice-carob-macadamia-100g/,2025-11-15
https://www.buyorganicsonline.com.au/nulax-250-grams-by-nulax/,2025-11-15
https://www.buyorganicsonline.com.au/brands/Jimalie.html,2025-11-15
https://www.buyorganicsonline.com.au/red-seal-kids-sls-free-toothpaste-75g/,2025-11-15
https://www.buyorganicsonline.com.au/macadamia-nut-250g-raw/,2025-11-15
https://www.buyorganicsonline.com.au/arkopharma-arthro-aid-direct-cream-114g/?ctk=d58a5753-85bc-4f27-bdcc-7cf216084d95,2025-11-15
https://www.buyorganicsonline.com.au/simply-7-lentil-jalapeno-chips-113g/,2025-11-15
https://www.buyorganicsonline.com.au/berringa-super-manuka-honey-mgo-400-250g/,2025-11-15
https://www.buyorganicsonline.com.au/gluten-free-oats,2025-11-14
https://www.buyorganicsonline.com.au/creamed-coconut-500g-by-niulife/,2025-11-14
https://www.buyorganicsonline.com.au/niulife-creamed-coconut-500g-x-6/,2025-11-14
https://www.buyorganicsonline.com.au/matcha-green-tea-bags-50g-kintra-foods/,2025-11-14
https://www.buyorganicsonline.com.au/maca-powder-250g-by-power-super-foods/,2025-11-14
https://www.buyorganicsonline.com.au/lotus-sugar-raw-organic-500g-on-sale-bbd-06-06-22/,2025-11-14
https://www.buyorganicsonline.com.au/sugar-raw-organic-500-grams-by-lotus/,2025-11-14
https://www.buyorganicsonline.com.au/teelixir-tremella-mushroom-50g/,2025-11-14
https://www.buyorganicsonline.com.au/xylitol-1kgr-by-perfect-sweet/,2025-11-14
https://www.buyorganicsonline.com.au/acure-brilliantly-brightening-night-cream-50ml/,2025-11-14
https://www.buyorganicsonline.com.au/dr-bronner-citrus-orange-organic-liquid-soap-59ml/,2025-11-14
https://www.buyorganicsonline.com.au/vegan-hair-dye,2025-11-14
https://www.buyorganicsonline.com.au/wheat-germ-stabilised-500-grams-by-lotus/,2025-11-14
https://www.buyorganicsonline.com.au/my-magic-mud-tooth-powder-spearmint-40g-on-sale/,2025-11-14
https://www.buyorganicsonline.com.au/special/,2025-11-14
https://www.buyorganicsonline.com.au/potato-starch-1kg-lotus/,2025-11-14
https://www.buyorganicsonline.com.au/east-bali-cashews-cacao-cashew-nuts-75g/,2025-11-14
https://www.buyorganicsonline.com.au/planet-organic-nutmeg-50gm/,2025-11-14
https://www.buyorganicsonline.com.au/chia-seeds-black-500-grams-by-lotus/,2025-11-14
https://www.buyorganicsonline.com.au/happy-way-pea-protein-powder-vanilla-60g/,2025-11-14
https://www.buyorganicsonline.com.au/happy-way-whey-protein-powder-vanilla-60g/,2025-11-14
https://www.buyorganicsonline.com.au/brands/THE-PROTEIN-BREAD-CO..html,2025-11-14
https://www.buyorganicsonline.com.au/brands/CHOW-CACAO/,2025-11-14
https://www.buyorganicsonline.com.au/cacao,2025-11-14
https://www.buyorganicsonline.com.au/cacao-beans/,2025-11-14
https://www.buyorganicsonline.com.au/em-superfoods-cacao-powder/,2025-11-14
https://www.buyorganicsonline.com.au/brands/Global-Organics.html,2025-11-14
https://www.buyorganicsonline.com.au/brands/Global-Organics/,2025-11-14
https://www.buyorganicsonline.com.au/copy-of-global-organics-coconut-cream-organic-single-22-fat-200g/,2025-11-14
https://www.buyorganicsonline.com.au/buttermilk-powder-250-grams-by-lotus/,2025-11-14
https://www.buyorganicsonline.com.au/buttermilk-powder-250g-lotus/,2025-11-14
https://www.buyorganicsonline.com.au/wonder-foods-wonder-vitamin-b-200ml/,2025-11-14
https://www.buyorganicsonline.com.au/liquid,2025-11-14
https://www.buyorganicsonline.com.au/ultra-sensitive-laundry-liquid-1l-by-ecostore-on-sale/,2025-11-14
https://www.buyorganicsonline.com.au/rice-flour-brown-organic-500g-lotus/,2025-11-14
https://www.buyorganicsonline.com.au/brands/Perfect-Sweet.html,2025-11-14
https://www.buyorganicsonline.com.au/morlife-monk-fruit-100g/,2025-11-14
https://www.buyorganicsonline.com.au/byron-chai-indian-spiced-tea-500gr/,2025-11-14
https://www.buyorganicsonline.com.au/indian-spiced-tea-500-grams-by-byron-chai/,2025-11-14
https://www.buyorganicsonline.com.au/maple-syrup-473ml-by-coombs-family-farms-on-sale/,2025-11-14
https://www.buyorganicsonline.com.au/glucose-powder-dextrose-500g-lotus/,2025-11-14
https://www.buyorganicsonline.com.au/lotus-glucose-powder-dextrose-500g-on-sale-bb-30-10-23/,2025-11-14
https://www.buyorganicsonline.com.au/swisse/,2025-11-14
https://www.buyorganicsonline.com.au/blooms-herb-a-lax-90c/,2025-11-14
https://www.buyorganicsonline.com.au/blooms-svelte-,2025-11-14
https://www.buyorganicsonline.com.au/blooms/,2025-11-14
https://www.buyorganicsonline.com.au/copy-of-healing-concepts-organic-senna-leaf-50g/,2025-11-14
https://www.buyorganicsonline.com.au/cookies-choc-chip-155g-leda-nutrition/,2025-11-14
https://www.buyorganicsonline.com.au/matakana-camu-camu-100g/,2025-11-14
https://www.buyorganicsonline.com.au/potato-flour-sweet500g/,2025-11-14
https://www.buyorganicsonline.com.au/brands/Ecostore.html,2025-11-14
https://www.buyorganicsonline.com.au/lavender-organic-liquid-soap-946ml-by-dr-bronners/,2025-11-14
https://www.buyorganicsonline.com.au/tilley-organic/,2025-11-14
https://www.buyorganicsonline.com.au/aloe-vera-gel-100ml-by-every-bit-organic-raw/,2025-11-14
https://www.buyorganicsonline.com.au/bio-bubble-500-ml-by-nts-health/,2025-11-14
https://www.buyorganicsonline.com.au/cabot-health,2025-11-14
https://www.buyorganicsonline.com.au/magnesium-chloride,2025-11-14
https://www.buyorganicsonline.com.au/banana-chips-organic-150-grams-by-lotus/,2025-11-14
https://www.buyorganicsonline.com.au/global-organics-tomato-paste-organic-glass-200g-on-sale/,2025-11-14
https://www.buyorganicsonline.com.au/virgin-organic-coconut-oil-by-niugini-organics/,2025-11-14
https://www.buyorganicsonline.com.au/lotus-almond-flour-superfine-1kg-on-sale-damaged-bb12-02-24/,2025-11-14
https://www.buyorganicsonline.com.au/gf-oats-organic-uncontaminated-oats-500g/,2025-11-14
https://www.buyorganicsonline.com.au/mock/,2025-11-14
https://www.buyorganicsonline.com.au/natural-olive-leaf-extract-200-ml-by-olive-leaf-australia/,2025-11-14
https://www.buyorganicsonline.com.au/dr-organic,2025-11-14
https://www.buyorganicsonline.com.au/dr-organic-snail/,2025-11-14
https://www.buyorganicsonline.com.au/dr-organic-tanning/,2025-11-14
https://www.buyorganicsonline.com.au/brands/Suvana.html,2025-11-14
https://www.buyorganicsonline.com.au/apple-cider-vinegar-3-78-litre-by-bragg/,2025-11-13
https://www.buyorganicsonline.com.au/ever-eco-konjac-facial-sponge-original-x1/,2025-11-13
https://www.buyorganicsonline.com.au/every-bit-organic-raw-sweet-almond-oil-500ml-on-sale-bb-31-03-23/,2025-11-13
https://www.buyorganicsonline.com.au/giovanni-styling-glue-custom-hair-modeler-57g/,2025-11-13
https://www.buyorganicsonline.com.au/tonik-pro-coffee-flavour-20g-protein-375ml/,2025-11-13
https://www.buyorganicsonline.com.au/cacao-250g-by-power-super-foods/,2025-11-13
https://www.buyorganicsonline.com.au/snap-dried-pear-30g/,2025-11-13
https://www.buyorganicsonline.com.au/colloidal-silver-spray-100-ml-by-original-colloidal/,2025-11-13
https://www.buyorganicsonline.com.au/pepitas,2025-11-13
https://www.buyorganicsonline.com.au/lavender-laundry-liquid-15-ltr-bulk/,2025-11-13
https://www.buyorganicsonline.com.au/dr-plotkas-mouthwatch-toothbrush-travl-adult-soft-mix-x-24dis/,2025-11-13
https://www.buyorganicsonline.com.au/brands/COCOLUSCIOUS.html,2025-11-13
https://www.buyorganicsonline.com.au/besan-flour,2025-11-13
https://www.buyorganicsonline.com.au/pure-food-essentials-besan-flour-500g/,2025-11-13
https://www.buyorganicsonline.com.au/glucose-powder-dextrose-1-kg-by-lotus/,2025-11-13
https://www.buyorganicsonline.com.au/lotus-glucose-powder-dextrose-1kg-on-sale/,2025-11-13
https://www.buyorganicsonline.com.au/natures-gifts-natural-hand-sanitiser-refill-bulk-hand-surface-5l/,2025-11-13
https://www.buyorganicsonline.com.au/organic-childrens-toothpaste-banana-50g-by-riddells-creek-on-sale/,2025-11-13
https://www.buyorganicsonline.com.au/coconut-veggie-cream-100-g-by-australian-biologika/,2025-11-13
https://www.buyorganicsonline.com.au/raw-earth-produce-lupin-flake-400g/,2025-11-13
https://www.buyorganicsonline.com.au/raw-earth-produce-lupin-split-400g/,2025-11-13
https://www.buyorganicsonline.com.au/triticale-flakes-rolled-400g-lotus/,2025-11-13
https://www.buyorganicsonline.com.au/hawaiian-astaxanthin-50-by-bioastin/,2025-11-13
https://www.buyorganicsonline.com.au/lakewood-pomegranate-juice-blend-organic-946ml/,2025-11-13
https://www.buyorganicsonline.com.au/lakewood-pomegranate-juice-pure-946ml/,2025-11-13
https://www.buyorganicsonline.com.au/pomegranate-juice,2025-11-13
https://www.buyorganicsonline.com.au/stainless-steel-bottle-insulated-ocean-600ml-by-cheeki/,2025-11-13
https://www.buyorganicsonline.com.au/bragg-apple-cider-vinegar-3-78l/,2025-11-13
https://www.buyorganicsonline.com.au/bragg-apple-cider-vinegar-organic-3-78l/,2025-11-13
https://www.buyorganicsonline.com.au/purifying-toner-skin-clear-organic-tea-tree-200ml-dr-organic/,2025-11-13
https://www.buyorganicsonline.com.au/cherry-juice,2025-11-13
https://www.buyorganicsonline.com.au/brands/Amazing-Oils.html,2025-11-13
https://www.buyorganicsonline.com.au/3-immortelle-by-ausganica/,2025-11-13
https://www.buyorganicsonline.com.au/brands/MARCO-POLO'S-TREASURES.html,2025-11-13
https://www.buyorganicsonline.com.au/brands/Rosehip-Plus.html,2025-11-13
https://www.buyorganicsonline.com.au/organic-times-full-cream-milk-powder-300g-on-sale-29-04-22/,2025-11-13
https://www.buyorganicsonline.com.au/pickled-ginger,2025-11-13
https://www.buyorganicsonline.com.au/coco-earth-liquid-coconut-oil-250ml-on-sale-bb-24-01-24/,2025-11-13
https://www.buyorganicsonline.com.au/wheat-bran-300g-nature-first/,2025-11-13
https://www.buyorganicsonline.com.au/box-fruit-strips-plum-apple-120-grams-by-sun-valley/,2025-11-13
https://www.buyorganicsonline.com.au/citrus-orange-organic-bar-soap-140g-by-dr-bronners/,2025-11-12
https://www.buyorganicsonline.com.au/colloidal-silverColloidal,2025-11-12
https://www.buyorganicsonline.com.au/almond-organic-liquid-soap-946ml-by-dr-bronners/,2025-11-12
https://www.buyorganicsonline.com.au/deodorant-stick-cedarwood-juniper-75g-schmidts/,2025-11-12
https://www.buyorganicsonline.com.au/chia-seeds-certified-organic-450g-by-power-super-foods/,2025-11-12
https://www.buyorganicsonline.com.au/ear-candles,2025-11-12
https://www.buyorganicsonline.com.au/planet-organic-organic-ground-cayenne-pepper-40g/,2025-11-12
https://www.buyorganicsonline.com.au/coconut-shampoo-all-hair-type-500ml-by-australian-biologika/?fullSite=1,2025-11-12
https://www.buyorganicsonline.com.au/lotus-maize-meal-organic-500g-on-sale-bbd-07-03-22/,2025-11-12
https://www.buyorganicsonline.com.au/hemp-seed-oil-200ml-by-every-bit-organic-raw/,2025-11-12
https://www.buyorganicsonline.com.au/to-be-deleted/,2025-11-12
https://www.buyorganicsonline.com.au/soap-box-of-48-by-lemon-myrtle-fragrances/,2025-11-12
https://www.buyorganicsonline.com.au/blog/unlocking-the-potential-of-apricot-kernels-a-comprehensive-analysis-of-their-health-benefits/,2025-11-12
https://www.buyorganicsonline.com.au/sea-salt-fine-4-x-500g-lotus/,2025-11-12
https://www.buyorganicsonline.com.au/prunes-moistened-250g-hiltona-1/,2025-11-12
https://www.buyorganicsonline.com.au/brands/Dr-Superfoods.html,2025-11-12
https://www.buyorganicsonline.com.au/kintra-foods-formosan-green-tea-64gr-on-sale-bb-01-23/,2025-11-12
https://www.buyorganicsonline.com.au/ginger-powder-80-grams-by-pure-food-essentials/,2025-11-12
https://www.buyorganicsonline.com.au/wheat-germ-blonde-8n-155ml-naturstyle/,2025-11-12
https://www.buyorganicsonline.com.au/brands/Healing-Concepts-Teas.html,2025-11-12
https://www.buyorganicsonline.com.au/healing-concepts-throat-soother-tea-40g/,2025-11-12
https://www.buyorganicsonline.com.au/brands/Simply-7-Products.html?page_context=brand&faceted_search=0,2025-11-12
https://www.buyorganicsonline.com.au/healing-concepts-organic-hibiscus-tea-50g-on-sale/,2025-11-12
https://www.buyorganicsonline.com.au/green-nutritionals-astaxanthin-30-caps/,2025-11-12
https://www.buyorganicsonline.com.au/laundry-liquid-5-litres-by-herbon/,2025-11-12
https://www.buyorganicsonline.com.au/nutri-leaf-dieters-tea-regular-30-bags/,2025-11-12
https://www.buyorganicsonline.com.au/drinks,2025-11-12
https://www.buyorganicsonline.com.au/sparkling-water/,2025-11-12
"https://www.buyorganicsonline.com.au/brands/Original-Colloidal.html?utm_source=google&utm_medium=cpc&utm_campaign=391831687&utm_content=112915581727&utm_term=%2Boriginal 
%2Bcolloidal&gclid=CjwKEAiAg5_CBRDo4o6e4o3NtG0SJAB-IatYo-L76xnm2LE21LecjrquZTkONoUX0uRE6J90nMRnqBoC4M3w_wcB",2025-11-12
https://www.buyorganicsonline.com.au/colloidal-four-200-ml-by-original-colloidal/,2025-11-12
https://www.buyorganicsonline.com.au/raw-food-factory-organic-raw-cacao-powder-1kg/,2025-11-12
https://www.buyorganicsonline.com.au/dr-bronner-lemongrass-lime-organic-hand-and-body-soap-355ml/,2025-11-12
https://www.buyorganicsonline.com.au/lemongrass-lime-organic-hand-and-body-soap-355ml-by-dr-bronner/,2025-11-12
https://www.buyorganicsonline.com.au/lemongrass-lime-organic-hand-and-body-soap-355ml-by-dr-bronners/,2025-11-12
https://www.buyorganicsonline.com.au/lotus-rye-flour-organic-1kg-on-sale-bb-12-12-22/,2025-11-12
https://www.buyorganicsonline.com.au/frequency-h2o-alkaline-spring-water-lunar-1l/,2025-11-12
https://www.buyorganicsonline.com.au/alaffia-deodorant-mandarin-ginger-75g/,2025-11-12
https://www.buyorganicsonline.com.au/dr-organic-manuka-honey-face-mask-125ml-on-sale-damaged-outer-box/,2025-11-12
https://www.buyorganicsonline.com.au/lavender-laundry-liquid-15-lt-bulk-by-ecologic/,2025-11-12
https://www.buyorganicsonline.com.au/medium-grain-brown-rice-1kg-certified-demeter-on-sale-bb-18-09-22/,2025-11-12
https://www.buyorganicsonline.com.au/organic-avocado-each/,2025-11-12
https://www.buyorganicsonline.com.au/agar-agar-75-grams-by-lotus/,2025-11-12
https://www.buyorganicsonline.com.au/copy-of-enviropet-pet-shampoo-and-conditioner-1l/,2025-11-12
https://www.buyorganicsonline.com.au/almond-butter-300g-ceres-nz-usa/,2025-11-12
https://www.buyorganicsonline.com.au/macadamia-butter-smooth-225g/,2025-11-12
https://www.buyorganicsonline.com.au/sunflower-butter-300g-ceres/,2025-11-12
https://www.buyorganicsonline.com.au/almonds-raw-organic-100g-lotus-on-sale-bb-29-05-23/,2025-11-12
https://www.buyorganicsonline.com.au/bar-macadamia-hazelnut/,2025-11-12
https://www.buyorganicsonline.com.au/pancake-mix-original-organic-325-grams-by-kialla/,2025-11-11
https://www.buyorganicsonline.com.au/em-superfoods-hemp-oil-250ml/,2025-11-11
https://www.buyorganicsonline.com.au/2die4-live-foods-activated-walnuts-300g/,2025-11-11
https://www.buyorganicsonline.com.au/dr-bronner-rose-organic-liquid-soap-946ml/,2025-11-11
https://www.buyorganicsonline.com.au/natures-delight-organic-prunes-275g/,2025-11-11
https://www.buyorganicsonline.com.au/prunes-moistened-250g-hiltona/,2025-11-11
https://www.buyorganicsonline.com.au/nutribiotic-ear-drops-29-5ml,2025-11-11
https://www.buyorganicsonline.com.au/dried-fruits,2025-11-11
https://www.buyorganicsonline.com.au/real-good-food-blueberry-dried-organic-tub-100g/,2025-11-11
https://www.buyorganicsonline.com.au/dr-bronner-lavender-liquid-castile-soap-3-78l/,2025-11-11
https://www.buyorganicsonline.com.au/frangi-air-freshener-250ml-by-earthwise-on-sale/,2025-11-11
https://www.buyorganicsonline.com.au/love-life-room-air-freshener-by-ecologic/,2025-11-11
https://www.buyorganicsonline.com.au/love-life-room-air-freshener/,2025-11-11
https://www.buyorganicsonline.com.au/hydro-flask/,2025-11-11
https://www.buyorganicsonline.com.au/organic-macadamia-nut-250g-raw/,2025-11-11
https://www.buyorganicsonline.com.au/tomato-juice,2025-11-11
https://www.buyorganicsonline.com.au/milk-almond-milk-organic-12-x-1l-pureharvest/,2025-11-11
https://www.buyorganicsonline.com.au/copy-of-kialla-pure-foods-organic-rolled-oats-5kg-damaged-bag-on-sale/,2025-11-11
https://www.buyorganicsonline.com.au/face-scrubs/,2025-11-11
https://www.buyorganicsonline.com.au/coffee/,2025-11-11
https://www.buyorganicsonline.com.au/teeccino-herbal-coffee-bags-10/,2025-11-11
https://www.buyorganicsonline.com.au/alter-dist-salt-crystal-lamp-3-to-4kg/?ctk=b785088f-19f8-4b5a-9b01-d4c9affbc9ec,2025-11-11
https://www.buyorganicsonline.com.au/blueberry-bliss-125-grams-by-dr-superfoods/,2025-11-11
https://www.buyorganicsonline.com.au/stoney-creek-golden-flaxseed-oil-organic-280ml/,2025-11-11
https://www.buyorganicsonline.com.au/probiotics,2025-11-11
https://www.buyorganicsonline.com.au/green-calcium-powder-100-grams-by-green-nutritionals/,2025-11-11
https://www.buyorganicsonline.com.au/bobs-red-mill-old-fashioned-rolled-oats-907g/?ctk=bb763881-2fc6-432a-9b10-8d74e94b4eaf,2025-11-11
https://www.buyorganicsonline.com.au/byron-naturals-eco-pain-eze-headache-gel-patches-x4/,2025-11-11
https://www.buyorganicsonline.com.au/natracare-ultra-extra-pads-wings-super-10-on-sale/,2025-11-11
https://www.buyorganicsonline.com.au/brands/BARNES-NATURALS/,2025-11-11
https://www.buyorganicsonline.com.au/honey,2025-11-11
https://www.buyorganicsonline.com.au/honey-australia-lemon-honey-170g/,2025-11-11
https://www.buyorganicsonline.com.au/honey-australia/,2025-11-11
https://www.buyorganicsonline.com.au/brands/NIULIFE.html,2025-11-11
https://www.buyorganicsonline.com.au/ecologic-lavender-laundry-liquid-1l/,2025-11-11
https://www.buyorganicsonline.com.au/formosan-black-tea/,2025-11-11
https://www.buyorganicsonline.com.au/abode-cleaning-products,2025-11-11
https://www.buyorganicsonline.com.au/anokha-lemongrass-soap-100g/,2025-11-11
https://www.buyorganicsonline.com.au/aftercare-serum-re-densifying/,2025-11-11
https://www.buyorganicsonline.com.au/chai-tea-spiced-dandelion-175gr/?fullSite=1,2025-11-11
https://www.buyorganicsonline.com.au/alaffia-african-black-soap-475ml/,2025-11-11
https://www.buyorganicsonline.com.au/spiced-dandelion-175gr-by-chai-tea/,2025-11-11
https://www.buyorganicsonline.com.au/brands/TOM-ORGANIC.html,2025-11-11
https://www.buyorganicsonline.com.au/macro-mike-plant-based-protein-sample-pack-10x40g/,2025-11-11
https://www.buyorganicsonline.com.au/amazonia-raw-probiotic-womens-multi-organic-herbs-100g/,2025-11-11
https://www.buyorganicsonline.com.au/nutraorganics-natural-gelatin-unflavoured-500g-powder/,2025-11-11
https://www.buyorganicsonline.com.au/bathroom-toilet-cleaning,2025-11-11
https://www.buyorganicsonline.com.au/organic-clean-bathroom-cleaner-500ml/,2025-11-11
https://www.buyorganicsonline.com.au/lucas-papaw-ointment-200g-1/,2025-11-11
https://www.buyorganicsonline.com.au/global-organics-tomato-passata-crushed-rustica-organic-680g/?sfdr_ptcid=45895_389_714315395&sfdr_hash=7ff1d3ecaf6652ae1311f792ef0a7d05,2025-11-11
https://www.buyorganicsonline.com.au/brands/Stoney-Creek.html,2025-11-11
https://www.buyorganicsonline.com.au/organic-oat-slice-strawberry-yoghurt-100g/,2025-11-11
https://www.buyorganicsonline.com.au/natural-evolution-banana-bread-435g-bb-10-21-on-sale/,2025-11-11
https://www.buyorganicsonline.com.au/abode-wool-delicates-front-top-loader-zero-2l/,2025-11-11
https://www.buyorganicsonline.com.au/brands/Love-Tea.html,2025-11-11
https://www.buyorganicsonline.com.au/love-tea,2025-11-11
https://www.buyorganicsonline.com.au/love-tea/,2025-11-11
https://www.buyorganicsonline.com.au/bonvit-henna-herb-colour-hair-tint-dark-red-100g-on-sale/,2025-11-11
https://www.buyorganicsonline.com.au/eskal-freenut-butter-smooth-no-sugar-450g/,2025-11-11
https://www.buyorganicsonline.com.au/nutritionist-choice-brown-rice-noodles-200g/,2025-11-11
https://www.buyorganicsonline.com.au/ethique-baby-solid-massage-bar-love-baby-bar-100g/,2025-11-11
https://www.buyorganicsonline.com.au/birch-xylitol-1-kg-by-naturally-sweet/,2025-11-11
https://www.buyorganicsonline.com.au/birch-xylitol-1kg-by-naturally-sweet/,2025-11-11
https://www.buyorganicsonline.com.au/white-magic-eco-basics-bottle-brush-refill-2-pk/,2025-11-11
https://www.buyorganicsonline.com.au/book-mind-over-medicine/,2025-11-11
https://www.buyorganicsonline.com.au/spry-xylitol-chewing-gum-cinnamon-100-pieces-tub/,2025-11-11
https://www.buyorganicsonline.com.au/dr-organic-intensive-eye-serum-organic-hemp-oil-15ml/,2025-11-11
https://www.buyorganicsonline.com.au/dr-organic-rose-otto-eye-serum-15ml/,2025-11-11
https://www.buyorganicsonline.com.au/loving-earth-acai-powder-150g/,2025-11-11
https://www.buyorganicsonline.com.au/lotus-lsa-meal-450g-on-sale-bb-01-05-23/,2025-11-11
https://www.buyorganicsonline.com.au/weleda-body-wash-creamy-pomegranate-200ml-on-sale-bb-04-24/,2025-11-11
https://www.buyorganicsonline.com.au/dr-organic-deep-pore-cleansing-face-wash-skin-clear-organic-tea-tree-125ml/?utm_source=notify&utm_medium=notification,2025-11-11
https://www.buyorganicsonline.com.au/linseed-flaxseed-meal-450g-lotus/,2025-11-11
https://www.buyorganicsonline.com.au/frequency-h2o-alkaline-spring-water-rainbow-1l/,2025-11-11
https://www.buyorganicsonline.com.au/protein-supplies-australia-pea-protein-isolate-500gr/,2025-11-11
https://www.buyorganicsonline.com.au/molecular-iodine-colloid-10-ml-by-fullhealth/,2025-11-11
https://www.buyorganicsonline.com.au/cornflour-maize-500-grams-by-lotus/,2025-11-11
https://www.buyorganicsonline.com.au/lotus-cornflour-maize-500g-bb-1-11-21-on-sale/,2025-11-11
https://www.buyorganicsonline.com.au/organic-hemp-protein-powder-unflavoured-420gm-by-essential-hemp/,2025-11-11
https://www.buyorganicsonline.com.au/sunscreen-100g-by-wotnot/,2025-11-11
https://www.buyorganicsonline.com.au/hibiscus-tea,2025-11-11
https://www.buyorganicsonline.com.au/organic-body-massage-oils/,2025-11-11
https://www.buyorganicsonline.com.au/essential-hemp-hemp-seed-oil-with-lemon-250ml-1/,2025-11-11
https://www.buyorganicsonline.com.au/brands/Sun-Valley.html,2025-11-11
https://www.buyorganicsonline.com.au/burts-bees-lip-shimmer-watermelon-2-76g/?ctk=c91510d1-bdc8-4423-9fd3-6da80bd72d18,2025-11-11
https://www.buyorganicsonline.com.au/wheat-germ-oil,2025-11-11
https://www.buyorganicsonline.com.au/buckwheat-flour,2025-11-11
https://www.buyorganicsonline.com.au/lecithin-granules,2025-11-11
https://www.buyorganicsonline.com.au/maca,2025-11-11
https://www.buyorganicsonline.com.au/maca-explode-extract-150gr-by-eden-health-foods/,2025-11-11
https://www.buyorganicsonline.com.au/planet-organic-maca-root-powder-peruvian-300g/,2025-11-11
https://www.buyorganicsonline.com.au/acv-honey-blend-473ml-by-bragg-dark-bottle-bb-10-2020-on-sale/,2025-11-11
https://www.buyorganicsonline.com.au/pawsome-organic-pet-hemp-oil-turmeric-100ml/,2025-11-11
https://www.buyorganicsonline.com.au/lime-juice,2025-11-11
https://www.buyorganicsonline.com.au/macro-mike-protein-pancake-baking-mix-made-with-almond-protein-300g/?sfdr_ptcid=45895_389_714316614&sfdr_hash=4fc3c510b4d48e7ca49641b8ad12eed1,2025-11-11
https://www.buyorganicsonline.com.au/herbs-of-gold-liver-tonic-alcohol-free-200ml/,2025-11-11
https://www.buyorganicsonline.com.au/tisserand-yarrow-9ml/,2025-11-11
https://www.buyorganicsonline.com.au/aloe-vera-lotion-200-ml-by-aloe-pura/,2025-11-11
https://www.buyorganicsonline.com.au/brands/Sutton's/,2025-11-11
https://www.buyorganicsonline.com.au/brands/Leda-Nutrition/,2025-11-11
https://www.buyorganicsonline.com.au/brands/Eatrite.html,2025-11-11
https://www.buyorganicsonline.com.au/licorice-powder-60gr-pure-food-essentials/,2025-11-11
https://www.buyorganicsonline.com.au/pukka-three-licorice-x-20-tea-bags/,2025-11-11
https://www.buyorganicsonline.com.au/blooms-ultra-b-complex-100vc/,2025-11-11
https://www.buyorganicsonline.com.au/arrowroot,2025-11-11
https://www.buyorganicsonline.com.au/oatbran-organic-400g-lotus/,2025-11-11
https://www.buyorganicsonline.com.au/synergy-organic-chlorella-powder-100gr/,2025-11-11
https://www.buyorganicsonline.com.au/pancakes//,2025-11-11
https://www.buyorganicsonline.com.au/aftercare-conditioner-colour-fixing-naturtint/,2025-11-11
https://www.buyorganicsonline.com.au/aftercare-conditioner-colour-fixing/,2025-11-11
https://www.buyorganicsonline.com.au/acure-vivacious-volume-shampoo-peppermint-354ml/,2025-11-11
https://www.buyorganicsonline.com.au/ecostore-laundry-liquid-bulk-5l-eucalyptus/,2025-11-11
https://www.buyorganicsonline.com.au/em-super-foods-hemp-protein-500g/,2025-11-11
https://www.buyorganicsonline.com.au/chai-tea-spice-mix-tea-bags-x24/,2025-11-11
https://www.buyorganicsonline.com.au/bread-improver-250g-lotus-bb-21-07-21-on-sale/,2025-11-11
https://www.buyorganicsonline.com.au/perfect-hold-hair-spray-242ml-by-andalou-naturals/,2025-11-11
https://www.buyorganicsonline.com.au/fulhealth-industries-gold-colloid-500ml/,2025-11-11
https://www.buyorganicsonline.com.au/natural-toothpaste,2025-11-11
https://www.buyorganicsonline.com.au/rice-bran-cereal-250-grams-by-lotus/,2025-11-11
https://www.buyorganicsonline.com.au/unique-selections-lavendar-ylang-ylang-shampoo/,2025-11-11
https://www.buyorganicsonline.com.au/brands/Udo's-Choice.html,2025-11-11
https://www.buyorganicsonline.com.au/tomato-passata-puree-with-basil-organic-glass-680g-x-6-global-organics/,2025-11-11
https://www.buyorganicsonline.com.au/tomato-puree-passata-with-basil-organic-glass/,2025-11-11
https://www.buyorganicsonline.com.au/cacao-butter-chunks-1-kg-by-power-super-foods/,2025-11-11
https://www.buyorganicsonline.com.au/miessence-shape-hair-styling-gel-50ml/,2025-11-11
https://www.buyorganicsonline.com.au/lotus-bourghal-coarse-organic-375g-on-sale-bb-06-02-23/,2025-11-11
https://www.buyorganicsonline.com.au/spearmint-tea-bags-25-bags-by-planet-organic/?gclid=Cj0KEQiAv5-zBRCAzfWGu-2jo70BEiQAj_F8oF24nauV8JSyNYMp_koKS1KTgLDJOq1MMfjNAs20oC4aAv_Q8P8HAQ,2025-11-11
https://www.buyorganicsonline.com.au/organic-rainbow-chai-20-bags-by-chai-tea/,2025-11-11
https://www.buyorganicsonline.com.au/eco-aroma-essential-oil-blend-casablanca-10ml/,2025-11-11
https://www.buyorganicsonline.com.au/every-bit-organic-1/,2025-11-11
https://www.buyorganicsonline.com.au/jack-n-jill-natural-sunscreen-spf-30-100g/,2025-11-11
https://www.buyorganicsonline.com.au/brands/TOM/,2025-11-11
https://www.buyorganicsonline.com.au/dishwashing-machine-powder-1-kg-by-herbon/,2025-11-11
https://www.buyorganicsonline.com.au/wotnot-baby-wash-250ml-1,2025-11-11
https://www.buyorganicsonline.com.au/natralus-natrasan-hand-sanitiser-spray-aloe-cucumber-28ml/,2025-11-11
https://www.buyorganicsonline.com.au/dry-shampoo-20g-naturtint/,2025-11-11
https://www.buyorganicsonline.com.au/original-propolis-candy-40-units-by-comvita/?gclid=CJSz-_uHwMACFdR8vQodJbkAiw,2025-11-11
https://www.buyorganicsonline.com.au/african-black-soap-475ml-by-alaffia/,2025-11-11
https://www.buyorganicsonline.com.au/lollipops/,2025-11-11
https://www.buyorganicsonline.com.au/plenty/,2025-11-11
https://www.buyorganicsonline.com.au/the-broth-sisters-stock-concentrate-vegetable-fodmap-friendly-170g/,2025-11-11
https://www.buyorganicsonline.com.au/em-wholefoods-hemp-seeds-hulled-500g/,2025-11-11
https://www.buyorganicsonline.com.au/liquid-aminos-946-ml-by-bragg/,2025-11-11
https://www.buyorganicsonline.com.au/nature-first-refills-yeast-flakes-savoury-1-5kg-x-2/,2025-11-11
https://www.buyorganicsonline.com.au/nature-first-refills-yeast-flakes-savoury-1-5kg/,2025-11-11
https://www.buyorganicsonline.com.au/nutritional-yeast,2025-11-11
https://www.buyorganicsonline.com.au/savoury-yeast-flakes-22-7kg/,2025-11-11
https://www.buyorganicsonline.com.au/Stainless-steel-straws,2025-11-11
https://www.buyorganicsonline.com.au/mad-millie-cheese-mould-small/,2025-11-11
https://www.buyorganicsonline.com.au/exfoliation-skin-towel-1-by-bass-body-care/,2025-11-11
https://www.buyorganicsonline.com.au/cacao-power-chocolate-lip-balm-12x4g-by-power-super-foods/,2025-11-11
https://www.buyorganicsonline.com.au/organic-apple-juice-2lt-bulk-x-12/,2025-11-11
https://www.buyorganicsonline.com.au/rose-body-wash-by-ausganica/,2025-11-11
https://www.buyorganicsonline.com.au/cocoa-powder-organic-200-grams-by-lotus/,2025-11-11
https://www.buyorganicsonline.com.au/rice-flour-white-organic-500-grams-by-lotus/,2025-11-11
https://www.buyorganicsonline.com.au/the-goodnight-co-ceramic-diffuser-stone-grey-ultrasonic/,2025-11-11
https://www.buyorganicsonline.com.au/suttons-colloidal-silver-1-litre/?utm_source=notify&utm_medium=notification,2025-11-11
https://www.buyorganicsonline.com.au/schmidts/,2025-11-11
https://www.buyorganicsonline.com.au/prune-juice,2025-11-11
https://www.buyorganicsonline.com.au/wallaby-nutty-bites-vanilla-130g/,2025-11-11
https://www.buyorganicsonline.com.au/brands/Nature's-Cuppa.html,2025-11-11
https://www.buyorganicsonline.com.au/saba-organics-hand-sanitiser-scent-free-50ml/,2025-11-11
https://www.buyorganicsonline.com.au/stevia-extract-powder-15-grams-by-nirvana-organics/,2025-11-11
https://www.buyorganicsonline.com.au/linenco-soakology-bath-salts-deep-sleep-900g/,2025-11-11
https://www.buyorganicsonline.com.au/jack-n-jill-bubble-bath-sweetness-300ml/,2025-11-11
https://www.buyorganicsonline.com.au/serenity-bubble-bath-300ml-by-jack-n-jill/,2025-11-11
https://www.buyorganicsonline.com.au/dr-organic-deodorant/,2025-11-11
https://www.buyorganicsonline.com.au/dr-organic-hemp-oil/,2025-11-11
https://www.buyorganicsonline.com.au/lotus-quinoa-grain-tri-colour-organic-500g-on-sale-bb-06-03-23/,2025-11-11
https://www.buyorganicsonline.com.au/quinoa-grain-tri-colour-organic/,2025-11-11
https://www.buyorganicsonline.com.au/organic-super-food-powder-120g-by-vital-green/,2025-11-11
https://www.buyorganicsonline.com.au/neem-seed-oil-20-ml-by-neeming-australia/,2025-11-11
https://www.buyorganicsonline.com.au/jojoba-oil-85-ml-by-jojoba-company/,2025-11-11
https://www.buyorganicsonline.com.au/brands/SmoozeFruitIce.html,2025-11-11
https://www.buyorganicsonline.com.au/natracare-night-time-pads-10-pads-on-sale-exp-23-04-24/,2025-11-11
https://www.buyorganicsonline.com.au/baby-mild-organic-liquid-soap-3-78lt-by-dr-bronner/,2025-11-11
https://www.buyorganicsonline.com.au/baby-mild-organic-liquid-soap-3-78lt-by-dr-bronners/,2025-11-11
https://www.buyorganicsonline.com.au/vanilla-bean-whey-protein-isolate-wpi-3kg-by-protein-supplies-australia/,2025-11-11
https://www.buyorganicsonline.com.au/rice-jasmine-organic-500-grams-by-lotus/,2025-11-11
https://www.buyorganicsonline.com.au/Drinks,2025-11-11
https://www.buyorganicsonline.com.au/nirvana-salt-fine-500g/,2025-11-11
https://www.buyorganicsonline.com.au/hari-har-chai-original-yellow-100g/,2025-11-11
https://www.buyorganicsonline.com.au/healthwise-l-taurine-150g/,2025-11-11
https://www.buyorganicsonline.com.au/healthwise-l-taurine-1kg/,2025-11-11
https://www.buyorganicsonline.com.au/ambrosia/,2025-11-11
https://www.buyorganicsonline.com.au/brands/Aloe-Dent.html,2025-11-11
https://www.buyorganicsonline.com.au/biologika-fragrance-free/,2025-11-11
https://www.buyorganicsonline.com.au/biologika-roll-on-deodorant-lavender-fields-70ml/,2025-11-11
https://www.buyorganicsonline.com.au/tongue-cleaner-1-unit-by-dr-tungs/,2025-11-11
https://www.buyorganicsonline.com.au/laundry-powder-fragrance-free/,2025-11-11
https://www.buyorganicsonline.com.au/saint-johns-wort/,2025-11-11
https://www.buyorganicsonline.com.au/st-johns-wort,2025-11-11
https://www.buyorganicsonline.com.au/dr-organic-tea-tree-shampoo-265ml,2025-11-11
https://www.buyorganicsonline.com.au/spry-xylitol-chewing-gum-spearmint-tube-30-piece/,2025-11-11
https://www.buyorganicsonline.com.au/gevity-rx-bone-broth-body-glue-natural-390g-on-sale-bb-08-02-25/,2025-11-11
https://www.buyorganicsonline.com.au/burts-bees-lip-balm-tinted-pink-blossom-4-25g/?ctk=41532984-e696-4e8d-b977-7c3c3c79cddd,2025-11-11
https://www.buyorganicsonline.com.au/brands/Australia's-Own.html,2025-11-11
https://www.buyorganicsonline.com.au/goji-berry,2025-11-11
https://www.buyorganicsonline.com.au/niugini-organics-virgin-coconut-oil-100-pure-5l-on-sale/,2025-11-11
https://www.buyorganicsonline.com.au/lemon-myrtle-hand-body-wash-500-ml-by-australian-biologika/?fullSite=1,2025-11-11
https://www.buyorganicsonline.com.au/lifesprings-colloidal-minerals-capsules-75-plant-derived-minerals-300mg-120c/,2025-11-11
https://www.buyorganicsonline.com.au/every-bit-organic-raw-sweet-almond-oil-250ml-on-sale-bbd-03-06-22/,2025-11-11
https://www.buyorganicsonline.com.au/bioastin-hawaiian-astaxanthin-12mg-50-capsules/,2025-11-11
https://www.buyorganicsonline.com.au/plus-intestinal-cleanse-100gr-by-colozone/,2025-11-11
https://www.buyorganicsonline.com.au/active-shampoo-conditioner-biotin-b-complex-thick-400-ml-by-avalon-organics/,2025-11-11
https://www.buyorganicsonline.com.au/herbs-of-gold-organic-pea-protein-berry-420g/,2025-11-11
https://www.buyorganicsonline.com.au/laundry-liquid-ultra-eucalyptus-1l-by-ecostore/,2025-11-11
https://www.buyorganicsonline.com.au/pure-unflavored-slow-and-grow-casein-mpi-1kg-by-protein-supplies-australia-on-sale-bb-02-03-24/,2025-11-11
https://www.buyorganicsonline.com.au/lotus-chia-seeds-black-bag-500g-bb-28-06-21-on-sale/,2025-11-11
https://www.buyorganicsonline.com.au/arkopharma-migrastick-roll-on-3ml/?ctk=3692ba1c-faa4-45b6-b44d-0d85ae1fc379,2025-11-11
https://www.buyorganicsonline.com.au/nature-first-sea-salt-fine-500g/,2025-11-11
https://www.buyorganicsonline.com.au/baking-soda,2025-11-11
https://www.buyorganicsonline.com.au/honey-cone-ear-candles-filter-4-pack-by-honeycone-ear-candles/,2025-11-11
https://www.buyorganicsonline.com.au/planet-luxe-hand-balm-orange-pearl-blend-500ml/,2025-11-11
https://www.buyorganicsonline.com.au/sunflower-kernels-200-grams-by-nature-first/,2025-11-11
https://www.buyorganicsonline.com.au/quinoa-grain-red-organic-500-grams-by-lotus/,2025-11-11
https://www.buyorganicsonline.com.au/copy-of-clover-fields-coconut-and-lime-soap-100g/,2025-11-11
https://www.buyorganicsonline.com.au/auromere-mint-toothpaste-117gr/,2025-11-11
https://www.buyorganicsonline.com.au/mint-toothpaste-117-grams-by-auromere/,2025-11-11
https://www.buyorganicsonline.com.au/lemon-lime-dishwashing-liquid-15-lt-bulk-by-ecologic/,2025-11-11
https://www.buyorganicsonline.com.au/brands/Udo's-Choice.html,2025-11-11
https://www.buyorganicsonline.com.au/creatine-1-kg-by-protein-supplies-aust/,2025-11-11
https://www.buyorganicsonline.com.au/creatine-500-grams-by-protein-supplies-aust/,2025-11-11
https://www.buyorganicsonline.com.au/creatine-500g-by-protein-supplies-australia-on-sale-bb-18-08-23/,2025-11-11
https://www.buyorganicsonline.com.au/wild-oregano-oil-50ml-solutions-4-health/,2025-11-11
https://www.buyorganicsonline.com.au/coffee-substitute-tin-125-grams-by-natures-cuppa/,2025-11-11
https://www.buyorganicsonline.com.au/brands/Maqui-Berry-Active.html,2025-11-11
https://www.buyorganicsonline.com.au/maqui-berry-active/,2025-11-11
https://www.buyorganicsonline.com.au/brands/Sylk.html,2025-11-11
https://www.buyorganicsonline.com.au/brands/Nature's-Goodness.html,2025-11-10
https://www.buyorganicsonline.com.au/bonvit-henna-herb-colour-hair-tint-black-100g/,2025-11-10
https://www.buyorganicsonline.com.au/coconut-cider-vinegar/,2025-11-10
https://www.buyorganicsonline.com.au/henry-blooms-bio-fermented-stress-and-anxiety-concentrate-500ml-on-sale/,2025-11-10
https://www.buyorganicsonline.com.au/brands/Absolute-Fruitz.html,2025-11-10
https://www.buyorganicsonline.com.au/dandies-vegan/,2025-11-10
https://www.buyorganicsonline.com.au/essence-chamomile-deodorant-66-ml-by-crystal/,2025-11-10
https://www.buyorganicsonline.com.au/spiral-organic-white-rice-noodles-250g/,2025-11-10
"https://www.buyorganicsonline.com.au/burts-bees-lip-balm-tinted-pink-blossom-4-25g/?ctk=41..%3Cp%3E%3Cstrong%3EPrice: 
%3Cspan class%3D",2025-11-10
https://www.buyorganicsonline.com.au/brands/Every-Bit-Organic.html,2025-11-10
https://www.buyorganicsonline.com.au/green-nutritionals-spirulina-capsules-120-capsules/,2025-11-10
https://www.buyorganicsonline.com.au/lifestream-bioactive-ginger-60vc/,2025-11-10
https://www.buyorganicsonline.com.au/spirulina,2025-11-10
https://www.buyorganicsonline.com.au/spirulina/,2025-11-10
https://www.buyorganicsonline.com.au/power-super-foods-cacao-nibs-250gr/,2025-11-10
https://www.buyorganicsonline.com.au/flaxseed-oil,2025-11-10
https://www.buyorganicsonline.com.au/frequency-h2o-alkaline-spring-water-love-600ml/,2025-11-10
https://www.buyorganicsonline.com.au/slendier-edamame-bean-fettuccine-organi-200g/,2025-11-10
https://www.buyorganicsonline.com.au/brands/Helio-Supply-Co.html,2025-11-10
https://www.buyorganicsonline.com.au/brands/Herbon.html,2025-11-10
https://www.buyorganicsonline.com.au/chai-tea-spiced-dandelion-chai-24-x-teabags/,2025-11-10
https://www.buyorganicsonline.com.au/dandelion-tea,2025-11-10
https://www.buyorganicsonline.com.au/bush-honey-umf-20-250gr-by-australias-manuka-mgo800/,2025-11-10
https://www.buyorganicsonline.com.au/drink/,2025-11-10
https://www.buyorganicsonline.com.au/apples-granny-smith-organic/,2025-11-10
https://www.buyorganicsonline.com.au/saba-organics-hand-sanitiser-gel-bulk-rose-kakadu-plum-5l/,2025-11-10
https://www.buyorganicsonline.com.au/brands/Clipper.html,2025-11-10
https://www.buyorganicsonline.com.au/pukka-feel-new-x-20-tea-bags/,2025-11-10
https://www.buyorganicsonline.com.au/golden-grind-turmeric-smoothie-200g/,2025-11-10
https://www.buyorganicsonline.com.au/flour-unbleached-self-raising-organic-5kg-kialla-pure-foods/,2025-11-10
https://www.buyorganicsonline.com.au/wallaby-bites-dark-choc-fruit-nut-150g/,2025-11-10
https://www.buyorganicsonline.com.au/kialla-pure-foods-organic-stoneground-wholegrain-kamut-flour-700g/,2025-11-10
https://www.buyorganicsonline.com.au/wild-medicine-aqua-hydration-formula-am-male-20ml/,2025-11-10
https://www.buyorganicsonline.com.au/choc-bits-coarse-organic-125-grams-by-lotus/,2025-11-10
https://www.buyorganicsonline.com.au/nutri-leaf-dietiers-tea-extra-strength-tea-bags-x-15-bags/,2025-11-10
https://www.buyorganicsonline.com.au/pacific-harvest-atlantic-dulse-manuka-smoked-flakes-80g/,2025-11-10
https://www.buyorganicsonline.com.au/acure-conditioner-lemongrass-354ml/,2025-11-10
https://www.buyorganicsonline.com.au/acure-curiously-clarifying-conditioner-lemongrass-354ml/,2025-11-10
https://www.buyorganicsonline.com.au/dried-plum-100g/,2025-11-10
https://www.buyorganicsonline.com.au/loving-earth-chocolate-cashew-mylk-30g-x-16/,2025-11-10
https://www.buyorganicsonline.com.au/pure-food-essentials-coriander-powder-80gr/,2025-11-10
https://www.buyorganicsonline.com.au/brands/HERBS-OF-GOLD.html,2025-11-10
https://www.buyorganicsonline.com.au/herbs-of-gold/,2025-11-10
https://www.buyorganicsonline.com.au/colloidal-copper-200-ml-by-original-colloidal/,2025-11-10
https://www.buyorganicsonline.com.au/original-colloidal-colloidal-copper-200ml/,2025-11-10
https://www.buyorganicsonline.com.au/king-soba-pumpkin-rice-noodle-250g/,2025-11-10
https://www.buyorganicsonline.com.au/linenco-salt-crystal-lamp-extra-small-2-to-3kg/,2025-11-10
https://www.buyorganicsonline.com.au/livinia-soy-candle-honey-pot-french-vanilla-frag-oil/,2025-11-10