Domain,Old Path,Manual URL/Path
www.buyorganicsonline.com.au,/superfoods-supplements/,/superfoods/
www.buyorganicsonline.com.au,/snacks-treats/,/snacks/
www.buyorganicsonline.com.au,/beauty-personal-care/skin-care/,/skin-care/
www.buyorganicsonline.com.au,/brands/SweetWilliam/,/brands/Sweet-William.html
www.buyorganicsonline.com.au,/thankfully-nourished-australian-gelatin-400g/,/gelatin/
www.buyorganicsonline.com.au,/gaiam-balance-ball-65cm/,/fitness-accessories/
www.buyorganicsonline.com.au,/eclipse-organics-raw-paleo-bar-berry-ripe-12-x-45g/,/protein-bars/
www.buyorganicsonline.com.au,/only-emu-pure-emu-oil-100ml/,/search.php?search_query=emu+oil
www.buyorganicsonline.com.au,/natural-instinct-natural-sunscreen-spf-30-invisible-200g/,/sunscreen/
www.buyorganicsonline.com.au,/tonik-plant-salted-caramel-20g-plant-protein-330ml-x-6/,/protein-drinks/
www.buyorganicsonline.com.au,/nutra-organic-lovers-latte-500g/,/search.php?search_query=nutra+organics+latte
www.buyorganicsonline.com.au,/marigold-health-foods-engevita-yeast-flakes-zinc-b12-125g/,/search.php?search_query=engevita+yeast+flakes
www.buyorganicsonline.com.au,/orgran-gluten-free-flour-self-raising-500g/,/gluten-free-flour/
www.buyorganicsonline.com.au,/essential-therapeutics-vegetable-oil-sweet-almond-oil-5l/,/sweet-almond-oil/
www.buyorganicsonline.com.au,/thankfully-nourished-marine-collagen-powder-100g/,/marine-collagen/
www.buyorganicsonline.com.au,/sweet-william-chocolate-bar-original-100g/,/search.php?search_query=sweet+william+chocolate
www.buyorganicsonline.com.au,/byron-bay-medicinal-herbs-dragons-blood-liq-dressing-15ml/,/search.php?search_query=byron+bay+herbs
www.buyorganicsonline.com.au,/locako-edible-cookie-dough-chocolate-chip-diy-mix-120g/,/search.php?search_query=locako+cookie+dough
www.buyorganicsonline.com.au,/copy-of-healing-concepts-organic-lemon-balm-tea-30g/,/search.php?search_query=healing+concepts+lemon+balm
www.buyorganicsonline.com.au,/mayvers-almond-spread-240g/,/search.php?search_query=mayvers+almond
www.buyorganicsonline.com.au,/gaiam-yoga-mat-premium-support-6mm-seaglass-urban-61cm-x-173cm/,/yoga-mats/
www.buyorganicsonline.com.au,/free-spirit-love-organic-sea-buckthorn-seed-oil-30ml/,/search.php?search_query=sea+buckthorn+oil
www.buyorganicsonline.com.au,/oil-garden-breathe-chest-rub-50g/,/search.php?search_query=oil+garden+chest+rub
www.buyorganicsonline.com.au,/rochway-bio-fermented-concentrate-coconut-water-with-lemon-myrtle-500ml/,/search.php?search_query=rochway+coconut+water
www.buyorganicsonline.com.au,/nutraorganics-collagen-body-unflavoured-225g-powder/,/search.php?search_query=nutra+organics+collagen+body
www.buyorganicsonline.com.au,/free-spirit-love-organic-pomegranate-seed-oil-30ml/,/search.php?search_query=pomegranate+seed+oil
www.buyorganicsonline.com.au,/life-cykel-shiitake-double-extract-60ml/,/search.php?search_query=life+cykel+shiitake
www.buyorganicsonline.com.au,/aromastick-focus-nasal-inhaler-single-0-8ml/,/search.php?search_query=aromastick
www.buyorganicsonline.com.au,/complete-health-sour-cherry-100-juice-organic-1-litre/,/search.php?search_query=sour+cherry+juice
www.buyorganicsonline.com.au,/honeylife-manuka-honey-mgo-850-plus-250g/,/manuka-honey/
www.buyorganicsonline.com.au,/orgran-gluten-free-pancake-mix-buckwheat-375g/,/gluten-free-pancake-mix/
www.buyorganicsonline.com.au,/hilde-hemmes-herbals-herba-calm-x-30-tea-bags/,/search.php?search_query=hilde+hemmes+herba+calm
www.buyorganicsonline.com.au,/the-carob-kitchen-carob-powder-roasted-200g/,/carob-powder/
www.buyorganicsonline.com.au,/oil-garden-aromatherapy-sandalwood-australian-oil-12ml/,/search.php?search_query=oil+garden+sandalwood
www.buyorganicsonline.com.au,/gelatin-health-joint-collagen-1kg/,/gelatin/
www.buyorganicsonline.com.au,/nutra-organics-protein-water-berry-bliss-450g/,/search.php?search_query=nutra+organics+protein
www.buyorganicsonline.com.au,/golden-ghee-co-ghee-grass-fed-685g/,/ghee/
www.buyorganicsonline.com.au,/mayvers-dark-peanut-butter-crunch-375g-x-6/,/search.php?search_query=mayvers+peanut+butter+crunchy
www.buyorganicsonline.com.au,/life-cykel-turkey-tail-double-extract-60ml/,/search.php?search_query=life+cykel+turkey+tail
www.buyorganicsonline.com.au,/nutra-organics-collagen-beauty-vanilla-225g/,/search.php?search_query=nutra+organics+collagen+beauty
www.buyorganicsonline.com.au,/vgood-peanot-butter-smooth-310g-x-6/,/search.php?search_query=vgood+peanut
www.buyorganicsonline.com.au,/calming-tea-bags-16-bags-by-yogi-tea/,/yogi-tea/
www.buyorganicsonline.com.au,/free-spirit-love-organic-prickly-pear-seed-oil-30ml/,/search.php?search_query=prickly+pear+oil
www.buyorganicsonline.com.au,/spiral-organic-hatcho-organic-300g/,/search.php?search_query=spiral+hatcho
www.buyorganicsonline.com.au,/macro-mike-macro-brain-tropical-raspberry-flavour-30x5g/,/search.php?search_query=macro+mike+brain
www.buyorganicsonline.com.au,/mount-romance-sandalwood-body-splash-100ml/,/search.php?search_query=mount+romance+sandalwood
www.buyorganicsonline.com.au,/hilde-hemmes-herbals-tea-eyebright-50g/,/search.php?search_query=hilde+hemmes+eyebright
www.buyorganicsonline.com.au,/gaiam-ultimate-foot-body-massager/,/fitness-accessories/
www.buyorganicsonline.com.au,/mingle-backyard-barbeque-all-natural-seasoning-10-x-50g/,/search.php?search_query=mingle+seasoning
www.buyorganicsonline.com.au,/natures-child-nipple-balm-organic-14g/,/search.php?search_query=natures+child+nipple+balm
www.buyorganicsonline.com.au,/mayvers-peanut-butter-smooth-375g-x-6/,/search.php?search_query=mayvers+peanut+butter+smooth
www.buyorganicsonline.com.au,/macro-mike-mug-cake-mix-plant-protein-double-choc-chip-12-x-50g/,/search.php?search_query=macro+mike+mug+cake
www.buyorganicsonline.com.au,/nutraorganics-organic-vegetable-broth-garden-veggie-100g/,/search.php?search_query=nutra+organics+broth
www.buyorganicsonline.com.au,/wallaby-bites-dark-chocolate-orange-almond-150g-x-8/,/search.php?search_query=wallaby+bites
www.buyorganicsonline.com.au,/free-spirit-rose-adore-organic-rose-hip-seed-oil-30ml/,/rosehip-oil/
www.buyorganicsonline.com.au,/food-to-nourish-spread-sprouted-abc-450g/,/search.php?search_query=food+to+nourish+spread
www.buyorganicsonline.com.au,/aromastick-energy-nasal-inhaler-single-0-8ml/,/search.php?search_query=aromastick+energy
www.buyorganicsonline.com.au,/complete-health-pomegranate-100-juice-organic-1-litre/,/search.php?search_query=pomegranate+juice
www.buyorganicsonline.com.au,/organic-oat-slice-strawberry-yoghurt-100g-x-14/,/search.php?search_query=organic+oat+slice
www.buyorganicsonline.com.au,/eclipse-organics-organic-bircher-chunky-australian-muesli-500g/,/muesli/
www.buyorganicsonline.com.au,/eclipse-organics-organic-paleo-clusters-manuka-macadamia-450g/,/search.php?search_query=eclipse+paleo+clusters
www.buyorganicsonline.com.au,/fiji-kava-noble-kava-extract-capsules-90vc/,/search.php?search_query=fiji+kava
www.buyorganicsonline.com.au,/spiral-umeboshi-plums-organic-150g/,/search.php?search_query=umeboshi+plums
www.buyorganicsonline.com.au,/lotus-rice-sushi-organic-500g-on-sale-bb-25-09-23/,/sushi-rice/
www.buyorganicsonline.com.au,/clover-fields-olive-and-fig-body-butter-500g/,/search.php?search_query=clover+fields+body+butter
www.buyorganicsonline.com.au,/spiral-coconut-water-sparkling-org-330ml/,/coconut-water/
www.buyorganicsonline.com.au,/hilde-hemmes-herbals-elimo-cough-x-30-tea-bags/,/search.php?search_query=hilde+hemmes+cough
www.buyorganicsonline.com.au,/wallaby-bites-yoghurty-fruit-nut-150g-x-8/,/search.php?search_query=wallaby+bites
www.buyorganicsonline.com.au,/white-magic-scrubtastic-foam-pot-scrubber-1-packet-x-10/,/search.php?search_query=white+magic+scrubber
www.buyorganicsonline.com.au,/spiral-coconut-cream-organic-400ml-x-12/,/coconut-cream/
www.buyorganicsonline.com.au,/happy-way-charge-up-pineapple-60g/,/search.php?search_query=happy+way
www.buyorganicsonline.com.au,/tea-tonic-organic-peppermint-tea-tube-70g/,/peppermint-tea/
www.buyorganicsonline.com.au,/radico-colour-me-organic-hair-colour-powder-light-ash-blonde-100g/,/radico/
www.buyorganicsonline.com.au,/radico-colour-me-organic-hair-colour-powder-violet-100g/,/radico/
www.buyorganicsonline.com.au,/radico-colour-me-organic-hair-colour-powder-brown-100g/,/radico/
www.buyorganicsonline.com.au,/radico-colour-me-organic-hair-colour-powder-soft-black-100g/,/radico/
www.buyorganicsonline.com.au,/blue-dinosaur-vegan-protein-bar-pb-caramel-choc-12-x-45g/,/search.php?search_query=blue+dinosaur+protein+bar
www.buyorganicsonline.com.au,/carob-farm-carob-koala-salted-caramel-50-x-15g/,/search.php?search_query=carob+farm
www.buyorganicsonline.com.au,/martin-pleasance-vital-all-in-one-greens-1kg/,/search.php?search_query=vital+greens
www.buyorganicsonline.com.au,/people4ocean-stick-it-coloured-zinc-spf-50-egyptian-blue-25g/,/sunscreen/
www.buyorganicsonline.com.au,/multi-amber-necklace-33-cm-by-amber-love/,/search.php?search_query=amber+love+necklace
www.buyorganicsonline.com.au,/mingle-livs-fave-salted-caramel-all-natural-sweet-topper-130g/,/search.php?search_query=mingle+salted+caramel
www.buyorganicsonline.com.au,/amber-love-adults-necklace-cognac-love-46cm/,/search.php?search_query=amber+love+necklace
www.buyorganicsonline.com.au,/amber-moon-love-33cm-by-amber-love/,/search.php?search_query=amber+love
www.buyorganicsonline.com.au,/amber-love-adults-necklace-100-baltic-amber-mixed-46cm/,/search.php?search_query=amber+love+necklace
www.buyorganicsonline.com.au,/switch-nutrition-plant-protein-bar-cookies-and-cream-12-x-60g/,/search.php?search_query=switch+nutrition+protein+bar
www.buyorganicsonline.com.au,/mama-nose-baby-bamboo-wipes-eco-friendly-baby-water-wipes-60-wipes/,/baby-wipes/
www.buyorganicsonline.com.au,/dr-organic-rose-otto-cleanser-150ml/,/search.php?search_query=dr+organic+rose
www.buyorganicsonline.com.au,/health-guru-cauliflower-puffs-sea-salt-6-x-56g/,/search.php?search_query=cauliflower+puffs
www.buyorganicsonline.com.au,/health-guru-cauliflower-puffs-bangkok-sriracha-6-x-56g/,/search.php?search_query=cauliflower+puffs
www.buyorganicsonline.com.au,/health-guru-cauliflower-puffs-salt-vinegar-with-apple-cider-6-x-56g/,/search.php?search_query=cauliflower+puffs
www.buyorganicsonline.com.au,/health-guru-cauliflower-puffs-sea-salt-12x56g/,/search.php?search_query=cauliflower+puffs
www.buyorganicsonline.com.au,/grass-roots-organic-hemp-hearts-hulled-hemp-seeds-500g/,/hemp-seeds/
www.buyorganicsonline.com.au,/lotus-sesame-seeds-hulled-organic-200-on-sale-bb-09-09-24/,/sesame-seeds/
www.buyorganicsonline.com.au,/ora-health-curcumin-biocomplex-90-caps/,/turmeric-curcumin/
www.buyorganicsonline.com.au,/amazing-oils-magnesium-flex-lotion-with-msm-turmeric-black-pepper-125ml/,/search.php?search_query=amazing+oils+magnesium
www.buyorganicsonline.com.au,/ecoegg-laundry-egg-refill-pellets-50-washes-tropical-breeze/,/search.php?search_query=ecoegg+refill
www.buyorganicsonline.com.au,/great-aussie-wipes-bbq-x-large-wipes-10pk/,/search.php?search_query=great+aussie+wipes
www.buyorganicsonline.com.au,/great-aussie-wipes-bbq-x-large-wipes-30pk/,/search.php?search_query=great+aussie+wipes
www.buyorganicsonline.com.au,/great-aussie-wipes-tradie-extra-large-textured-wipes-80pk/,/search.php?search_query=great+aussie+wipes
www.buyorganicsonline.com.au,/great-aussie-wipes-grease-grime-jumbo-heavy-duty-wipes-60pk/,/search.php?search_query=great+aussie+wipes
www.buyorganicsonline.com.au,/switch-nutrition-plant-protein-bar-choc-rocky-road-12-x-60g/,/search.php?search_query=switch+nutrition+protein+bar
www.buyorganicsonline.com.au,/switch-nutrition-plant-protein-bar-choc-peanut-butter-12-x-60g/,/search.php?search_query=switch+nutrition+protein+bar
www.buyorganicsonline.com.au,/redmond-earthpaste-toothpaste-with-silver-spearmint-charcoal-113g/,/search.php?search_query=redmond+earthpaste
www.buyorganicsonline.com.au,/wild-herbal-body-wash-herbal-500ml/,/search.php?search_query=wild+herbal+body+wash
www.buyorganicsonline.com.au,/keto-naturals-cookies-buttery-coconut-8-x-64g/,/search.php?search_query=keto+naturals+cookies
www.buyorganicsonline.com.au,/ecoegg-washing-machine-detox-tablets-6pk/,/search.php?search_query=ecoegg+detox
www.buyorganicsonline.com.au,/udos-choice-udos-3-6-9-oil-blend-941ml/,/search.php?search_query=udos+oil+blend
www.buyorganicsonline.com.au,/ecoegg-laundry-egg-refill-pellets-50-washes-fresh-white-lights/,/search.php?search_query=ecoegg+refill
www.buyorganicsonline.com.au,/dr-organic-tea-tree-nail-solution-10ml/,/search.php?search_query=dr+organic+tea+tree
www.buyorganicsonline.com.au,/loving-earth-maca-powder-500g/,/maca-powder/
www.buyorganicsonline.com.au,/naturally-good-peanut-mylk-partyz-55-less-sugar-10-x-45g/,/search.php?search_query=naturally+good+peanut
www.buyorganicsonline.com.au,/blue-dinosaur-vegan-protein-bar-pb-mylk-chocolate-12-x-45g/,/search.php?search_query=blue+dinosaur+protein+bar
www.buyorganicsonline.com.au,/dr-bronner-pure-castile-liquid-soap-cherry-blossom/,/search.php?search_query=dr+bronner+cherry+blossom
