Old Path,New Path,Type
/superfoods-supplements/,/superfoods/,301
/snacks-treats/,/snacks/,301
/beauty-personal-care/skin-care/,/skin-care/,301
/brands/SweetWilliam/,/brands/Sweet-William.html,301
/thankfully-nourished-australian-gelatin-400g/,/gelatin/,301
/gaiam-balance-ball-65cm/,/fitness-accessories/,301
/eclipse-organics-raw-paleo-bar-berry-ripe-12-x-45g/,/protein-bars/,301
/only-emu-pure-emu-oil-100ml/,/search.php?search_query=emu+oil,301
/natural-instinct-natural-sunscreen-spf-30-invisible-200g/,/sunscreen/,301
/tonik-plant-salted-caramel-20g-plant-protein-330ml-x-6/,/protein-drinks/,301
/nutra-organic-lovers-latte-500g/,/search.php?search_query=nutra+organics+latte,301
/marigold-health-foods-engevita-yeast-flakes-zinc-b12-125g/,/search.php?search_query=engevita+yeast+flakes,301
/orgran-gluten-free-flour-self-raising-500g/,/gluten-free-flour/,301
/essential-therapeutics-vegetable-oil-sweet-almond-oil-5l/,/sweet-almond-oil/,301
/thankfully-nourished-marine-collagen-powder-100g/,/marine-collagen/,301
/sweet-william-chocolate-bar-original-100g/,/search.php?search_query=sweet+william+chocolate,301
/byron-bay-medicinal-herbs-dragons-blood-liq-dressing-15ml/,/search.php?search_query=byron+bay+herbs,301
/locako-edible-cookie-dough-chocolate-chip-diy-mix-120g/,/search.php?search_query=locako+cookie+dough,301
/copy-of-healing-concepts-organic-lemon-balm-tea-30g/,/search.php?search_query=healing+concepts+lemon+balm,301
/mayvers-almond-spread-240g/,/search.php?search_query=mayvers+almond,301
/gaiam-yoga-mat-premium-support-6mm-seaglass-urban-61cm-x-173cm/,/yoga-mats/,301
/free-spirit-love-organic-sea-buckthorn-seed-oil-30ml/,/search.php?search_query=sea+buckthorn+oil,301
/oil-garden-breathe-chest-rub-50g/,/search.php?search_query=oil+garden+chest+rub,301
/rochway-bio-fermented-concentrate-coconut-water-with-lemon-myrtle-500ml/,/search.php?search_query=rochway+coconut+water,301
/nutraorganics-collagen-body-unflavoured-225g-powder/,/search.php?search_query=nutra+organics+collagen+body,301
/free-spirit-love-organic-pomegranate-seed-oil-30ml/,/search.php?search_query=pomegranate+seed+oil,301
/life-cykel-shiitake-double-extract-60ml/,/search.php?search_query=life+cykel+shiitake,301
/aromastick-focus-nasal-inhaler-single-0-8ml/,/search.php?search_query=aromastick,301
/complete-health-sour-cherry-100-juice-organic-1-litre/,/search.php?search_query=sour+cherry+juice,301
/honeylife-manuka-honey-mgo-850-plus-250g/,/manuka-honey/,301
/orgran-gluten-free-pancake-mix-buckwheat-375g/,/gluten-free-pancake-mix/,301
/hilde-hemmes-herbals-herba-calm-x-30-tea-bags/,/search.php?search_query=hilde+hemmes+herba+calm,301
/the-carob-kitchen-carob-powder-roasted-200g/,/carob-powder/,301
/oil-garden-aromatherapy-sandalwood-australian-oil-12ml/,/search.php?search_query=oil+garden+sandalwood,301
/gelatin-health-joint-collagen-1kg/,/gelatin/,301
/nutra-organics-protein-water-berry-bliss-450g/,/search.php?search_query=nutra+organics+protein,301
/golden-ghee-co-ghee-grass-fed-685g/,/ghee/,301
/mayvers-dark-peanut-butter-crunch-375g-x-6/,/search.php?search_query=mayvers+peanut+butter+crunchy,301
/life-cykel-turkey-tail-double-extract-60ml/,/search.php?search_query=life+cykel+turkey+tail,301
/nutra-organics-collagen-beauty-vanilla-225g/,/search.php?search_query=nutra+organics+collagen+beauty,301
/vgood-peanot-butter-smooth-310g-x-6/,/search.php?search_query=vgood+peanut,301
/calming-tea-bags-16-bags-by-yogi-tea/,/yogi-tea/,301
/free-spirit-love-organic-prickly-pear-seed-oil-30ml/,/search.php?search_query=prickly+pear+oil,301
/spiral-organic-hatcho-organic-300g/,/search.php?search_query=spiral+hatcho,301
/macro-mike-macro-brain-tropical-raspberry-flavour-30x5g/,/search.php?search_query=macro+mike+brain,301
/mount-romance-sandalwood-body-splash-100ml/,/search.php?search_query=mount+romance+sandalwood,301
/hilde-hemmes-herbals-tea-eyebright-50g/,/search.php?search_query=hilde+hemmes+eyebright,301
/gaiam-ultimate-foot-body-massager/,/fitness-accessories/,301
/mingle-backyard-barbeque-all-natural-seasoning-10-x-50g/,/search.php?search_query=mingle+seasoning,301
/natures-child-nipple-balm-organic-14g/,/search.php?search_query=natures+child+nipple+balm,301
/mayvers-peanut-butter-smooth-375g-x-6/,/search.php?search_query=mayvers+peanut+butter+smooth,301
/macro-mike-mug-cake-mix-plant-protein-double-choc-chip-12-x-50g/,/search.php?search_query=macro+mike+mug+cake,301
/nutraorganics-organic-vegetable-broth-garden-veggie-100g/,/search.php?search_query=nutra+organics+broth,301
/wallaby-bites-dark-chocolate-orange-almond-150g-x-8/,/search.php?search_query=wallaby+bites,301
/free-spirit-rose-adore-organic-rose-hip-seed-oil-30ml/,/rosehip-oil/,301
/food-to-nourish-spread-sprouted-abc-450g/,/search.php?search_query=food+to+nourish+spread,301
/aromastick-energy-nasal-inhaler-single-0-8ml/,/search.php?search_query=aromastick+energy,301
/complete-health-pomegranate-100-juice-organic-1-litre/,/search.php?search_query=pomegranate+juice,301
/organic-oat-slice-strawberry-yoghurt-100g-x-14/,/search.php?search_query=organic+oat+slice,301
/eclipse-organics-organic-bircher-chunky-australian-muesli-500g/,/muesli/,301
/eclipse-organics-organic-paleo-clusters-manuka-macadamia-450g/,/search.php?search_query=eclipse+paleo+clusters,301
/fiji-kava-noble-kava-extract-capsules-90vc/,/search.php?search_query=fiji+kava,301
/spiral-umeboshi-plums-organic-150g/,/search.php?search_query=umeboshi+plums,301
/lotus-rice-sushi-organic-500g-on-sale-bb-25-09-23/,/sushi-rice/,301
/clover-fields-olive-and-fig-body-butter-500g/,/search.php?search_query=clover+fields+body+butter,301
/spiral-coconut-water-sparkling-org-330ml/,/coconut-water/,301
/hilde-hemmes-herbals-elimo-cough-x-30-tea-bags/,/search.php?search_query=hilde+hemmes+cough,301
/wallaby-bites-yoghurty-fruit-nut-150g-x-8/,/search.php?search_query=wallaby+bites,301
/white-magic-scrubtastic-foam-pot-scrubber-1-packet-x-10/,/search.php?search_query=white+magic+scrubber,301
/spiral-coconut-cream-organic-400ml-x-12/,/coconut-cream/,301
/happy-way-charge-up-pineapple-60g/,/search.php?search_query=happy+way,301
/tea-tonic-organic-peppermint-tea-tube-70g/,/peppermint-tea/,301
/radico-colour-me-organic-hair-colour-powder-light-ash-blonde-100g/,/radico/,301
/radico-colour-me-organic-hair-colour-powder-violet-100g/,/radico/,301
/radico-colour-me-organic-hair-colour-powder-brown-100g/,/radico/,301
/radico-colour-me-organic-hair-colour-powder-soft-black-100g/,/radico/,301
/blue-dinosaur-vegan-protein-bar-pb-caramel-choc-12-x-45g/,/search.php?search_query=blue+dinosaur+protein+bar,301
/carob-farm-carob-koala-salted-caramel-50-x-15g/,/search.php?search_query=carob+farm,301
/martin-pleasance-vital-all-in-one-greens-1kg/,/search.php?search_query=vital+greens,301
/people4ocean-stick-it-coloured-zinc-spf-50-egyptian-blue-25g/,/sunscreen/,301
/multi-amber-necklace-33-cm-by-amber-love/,/search.php?search_query=amber+love+necklace,301
/mingle-livs-fave-salted-caramel-all-natural-sweet-topper-130g/,/search.php?search_query=mingle+salted+caramel,301
/amber-love-adults-necklace-cognac-love-46cm/,/search.php?search_query=amber+love+necklace,301
/amber-moon-love-33cm-by-amber-love/,/search.php?search_query=amber+love,301
/amber-love-adults-necklace-100-baltic-amber-mixed-46cm/,/search.php?search_query=amber+love+necklace,301
/switch-nutrition-plant-protein-bar-cookies-and-cream-12-x-60g/,/search.php?search_query=switch+nutrition+protein+bar,301
/mama-nose-baby-bamboo-wipes-eco-friendly-baby-water-wipes-60-wipes/,/baby-wipes/,301
/dr-organic-rose-otto-cleanser-150ml/,/search.php?search_query=dr+organic+rose,301
/health-guru-cauliflower-puffs-sea-salt-6-x-56g/,/search.php?search_query=cauliflower+puffs,301
/health-guru-cauliflower-puffs-bangkok-sriracha-6-x-56g/,/search.php?search_query=cauliflower+puffs,301
/health-guru-cauliflower-puffs-salt-vinegar-with-apple-cider-6-x-56g/,/search.php?search_query=cauliflower+puffs,301
/health-guru-cauliflower-puffs-sea-salt-12x56g/,/search.php?search_query=cauliflower+puffs,301
/grass-roots-organic-hemp-hearts-hulled-hemp-seeds-500g/,/hemp-seeds/,301
/lotus-sesame-seeds-hulled-organic-200-on-sale-bb-09-09-24/,/sesame-seeds/,301
/ora-health-curcumin-biocomplex-90-caps/,/turmeric-curcumin/,301
/amazing-oils-magnesium-flex-lotion-with-msm-turmeric-black-pepper-125ml/,/search.php?search_query=amazing+oils+magnesium,301
/ecoegg-laundry-egg-refill-pellets-50-washes-tropical-breeze/,/search.php?search_query=ecoegg+refill,301
/great-aussie-wipes-bbq-x-large-wipes-10pk/,/search.php?search_query=great+aussie+wipes,301
/great-aussie-wipes-bbq-x-large-wipes-30pk/,/search.php?search_query=great+aussie+wipes,301
/great-aussie-wipes-tradie-extra-large-textured-wipes-80pk/,/search.php?search_query=great+aussie+wipes,301
/great-aussie-wipes-grease-grime-jumbo-heavy-duty-wipes-60pk/,/search.php?search_query=great+aussie+wipes,301
/switch-nutrition-plant-protein-bar-choc-rocky-road-12-x-60g/,/search.php?search_query=switch+nutrition+protein+bar,301
/switch-nutrition-plant-protein-bar-choc-peanut-butter-12-x-60g/,/search.php?search_query=switch+nutrition+protein+bar,301
/redmond-earthpaste-toothpaste-with-silver-spearmint-charcoal-113g/,/search.php?search_query=redmond+earthpaste,301
/wild-herbal-body-wash-herbal-500ml/,/search.php?search_query=wild+herbal+body+wash,301
/keto-naturals-cookies-buttery-coconut-8-x-64g/,/search.php?search_query=keto+naturals+cookies,301
/ecoegg-washing-machine-detox-tablets-6pk/,/search.php?search_query=ecoegg+detox,301
/udos-choice-udos-3-6-9-oil-blend-941ml/,/search.php?search_query=udos+oil+blend,301
/ecoegg-laundry-egg-refill-pellets-50-washes-fresh-white-lights/,/search.php?search_query=ecoegg+refill,301
/dr-organic-tea-tree-nail-solution-10ml/,/search.php?search_query=dr+organic+tea+tree,301
/loving-earth-maca-powder-500g/,/maca-powder/,301
/naturally-good-peanut-mylk-partyz-55-less-sugar-10-x-45g/,/search.php?search_query=naturally+good+peanut,301
/blue-dinosaur-vegan-protein-bar-pb-mylk-chocolate-12-x-45g/,/search.php?search_query=blue+dinosaur+protein+bar,301
